date_time,version,new_energy_wind_pred,new_energy_wind_ahead
2026-06-19 00:00:00,2026-06-18 20:00:00,4000.9352999536513,2482.81
2026-06-19 00:15:00,2026-06-18 20:00:00,3984.5114458160324,3034.54
2026-06-19 00:30:00,2026-06-18 20:00:00,3952.5618137161373,2963.56
2026-06-19 00:45:00,2026-06-18 20:00:00,3906.8122610264163,2887.8
2026-06-19 01:00:00,2026-06-18 20:00:00,3849.688577254113,2819.34
2026-06-19 01:15:00,2026-06-18 20:00:00,3784.1559954481613,2754.63
2026-06-19 01:30:00,2026-06-18 20:00:00,3713.5589089237064,2703.06
2026-06-19 01:45:00,2026-06-18 20:00:00,3641.4751742199187,2658.08
2026-06-19 02:00:00,2026-06-18 20:00:00,3571.581469941242,2625.13
2026-06-19 02:15:00,2026-06-18 20:00:00,3507.5138072544955,2616.64
2026-06-19 02:30:00,2026-06-18 20:00:00,3452.7321475875747,2609.93
2026-06-19 02:45:00,2026-06-18 20:00:00,3410.377531013474,2611.18
2026-06-19 03:00:00,2026-06-18 20:00:00,3383.1239746087085,2625.42
2026-06-19 03:15:00,2026-06-18 20:00:00,3373.036926869592,2650.96
2026-06-19 03:30:00,2026-06-18 20:00:00,3381.46780787823,2696.23
2026-06-19 03:45:00,2026-06-18 20:00:00,3408.9889997859855,2748.04
2026-06-19 04:00:00,2026-06-18 20:00:00,3455.37301936976,2808.75
2026-06-19 04:15:00,2026-06-18 20:00:00,3519.6184057859145,2911.86
2026-06-19 04:30:00,2026-06-18 20:00:00,3600.019849410447,3039.18
2026-06-19 04:45:00,2026-06-18 20:00:00,3694.2888371380773,3173.17
2026-06-19 05:00:00,2026-06-18 20:00:00,3799.721558257052,3317.25
2026-06-19 05:15:00,2026-06-18 20:00:00,3913.4006292092026,3481.32
2026-06-19 05:30:00,2026-06-18 20:00:00,4032.448897454271,3665.9
2026-06-19 05:45:00,2026-06-18 20:00:00,4154.30018412223,3865.63
2026-06-19 06:00:00,2026-06-18 20:00:00,4276.970215838904,4098.6
2026-06-19 06:15:00,2026-06-18 20:00:00,4399.273039015356,4385.87
2026-06-19 06:30:00,2026-06-18 20:00:00,4520.96069518824,4690.82
2026-06-19 06:45:00,2026-06-18 20:00:00,4642.722771501949,5013.42
2026-06-19 07:00:00,2026-06-18 20:00:00,4766.033594878992,5355.38
2026-06-19 07:15:00,2026-06-18 20:00:00,4892.826134397642,5699.39
2026-06-19 07:30:00,2026-06-18 20:00:00,5025.049309731805,6058.9
2026-06-19 07:45:00,2026-06-18 20:00:00,5164.172129311871,6436.81
2026-06-19 08:00:00,2026-06-18 20:00:00,5310.745391673573,6796.87
2026-06-19 08:15:00,2026-06-18 20:00:00,5464.110862999427,7086.98
2026-06-19 08:30:00,2026-06-18 20:00:00,5622.360078571107,7336.27
2026-06-19 08:45:00,2026-06-18 20:00:00,5782.558587713202,7570.31
2026-06-19 09:00:00,2026-06-19 08:00:00,5941.20278003959,7796.55
2026-06-19 09:15:00,2026-06-19 08:00:00,6094.793449329254,8043.64
2026-06-19 09:30:00,2026-06-19 08:00:00,6240.423420532042,8287.98
2026-06-19 09:45:00,2026-06-19 08:00:00,6376.251594789983,8536.02
2026-06-19 10:00:00,2026-06-19 08:00:00,6501.798737189158,8747.32
2026-06-19 10:15:00,2026-06-19 08:00:00,6618.009061704139,8938.56
2026-06-19 10:30:00,2026-06-19 08:00:00,6727.138856008518,9123.81
2026-06-19 10:45:00,2026-06-19 08:00:00,6832.483339130502,9332.38
2026-06-19 11:00:00,2026-06-19 08:00:00,6938.052008411059,9549.63
2026-06-19 11:15:00,2026-06-19 08:00:00,7048.201191013553,9714.15
2026-06-19 11:30:00,2026-06-19 08:00:00,7167.304433438461,9878.48
2026-06-19 11:45:00,2026-06-19 08:00:00,7299.443352565086,10033.4
2026-06-19 12:00:00,2026-06-19 08:00:00,7448.139423704417,10162.96
2026-06-19 12:15:00,2026-06-19 08:00:00,7616.078349440312,10077.43
2026-06-19 12:30:00,2026-06-19 08:00:00,7804.863415242626,9999.37
2026-06-19 12:45:00,2026-06-19 08:00:00,8014.810487859165,9924.24
2026-06-19 13:00:00,2026-06-19 08:00:00,8244.840791955568,9813.59
2026-06-19 13:15:00,2026-06-19 08:00:00,8492.509351943485,9761.24
2026-06-19 13:30:00,2026-06-19 08:00:00,8754.234294436039,9750.59
2026-06-19 13:45:00,2026-06-19 08:00:00,9025.702369244878,9784.03
2026-06-19 14:00:00,2026-06-19 08:00:00,9302.4101733911,9857.29
2026-06-19 14:15:00,2026-06-19 08:00:00,9580.206782826328,9868.74
2026-06-19 14:30:00,2026-06-19 08:00:00,9855.772872566464,9867.7
2026-06-19 14:45:00,2026-06-19 08:00:00,10126.906552710114,9853.61
2026-06-19 15:00:00,2026-06-19 08:00:00,10392.623547858046,9775.25
2026-06-19 15:15:00,2026-06-19 08:00:00,10653.038396557586,9679.11
2026-06-19 15:30:00,2026-06-19 08:00:00,10909.13193909233,9552.8
2026-06-19 15:45:00,2026-06-19 08:00:00,11162.408971941772,9434.34
2026-06-19 16:00:00,2026-06-19 08:00:00,11414.521767860868,9348.49
2026-06-19 16:15:00,2026-06-19 08:00:00,11666.841749651703,9253.1
2026-06-19 16:30:00,2026-06-19 08:00:00,11920.052917814752,9180.53
2026-06-19 16:45:00,2026-06-19 08:00:00,12173.762215785728,9128.61
2026-06-19 17:00:00,2026-06-19 08:00:00,12426.219807570165,9083.02
2026-06-19 17:15:00,2026-06-19 08:00:00,12674.190402777867,9001.87
2026-06-19 17:30:00,2026-06-19 08:00:00,12913.079077065951,8931.12
2026-06-19 17:45:00,2026-06-19 08:00:00,13137.302568134957,8864.1
2026-06-19 18:00:00,2026-06-19 08:00:00,13340.853370038689,8807.36
2026-06-19 18:15:00,2026-06-19 08:00:00,13517.929475657545,8787.97
2026-06-19 18:30:00,2026-06-19 08:00:00,13663.573705378942,8776.68
2026-06-19 18:45:00,2026-06-19 08:00:00,13774.151774221802,8777.71
2026-06-19 19:00:00,2026-06-19 08:00:00,13847.647152176969,8733.97
2026-06-19 19:15:00,2026-06-19 08:00:00,13883.744053020144,8733.2
2026-06-19 19:30:00,2026-06-19 08:00:00,13883.72326293202,8715.77
2026-06-19 19:45:00,2026-06-19 08:00:00,13850.198881892953,8692.11
2026-06-19 20:00:00,2026-06-19 08:00:00,13786.665095707267,8650.72
2026-06-19 20:15:00,2026-06-19 08:00:00,13696.994253232024,8544.88
2026-06-19 20:30:00,2026-06-19 08:00:00,13584.764168933843,8431.8
2026-06-19 20:45:00,2026-06-19 08:00:00,13452.65864758732,8322.41
2026-06-19 21:00:00,2026-06-19 20:00:00,13302.011515191834,8208.87
2026-06-19 21:15:00,2026-06-19 20:00:00,13132.678248846287,8042.11
2026-06-19 21:30:00,2026-06-19 20:00:00,12943.228487184493,7881.47
2026-06-19 21:45:00,2026-06-19 20:00:00,12731.476364988199,7732.45
2026-06-19 22:00:00,2026-06-19 20:00:00,12495.147573904274,7587.0
2026-06-19 22:15:00,2026-06-19 20:00:00,12232.523810482957,7449.65
2026-06-19 22:30:00,2026-06-19 20:00:00,11942.863081315825,7306.24
2026-06-19 22:45:00,2026-06-19 20:00:00,11626.570047316647,7163.89
2026-06-19 23:00:00,2026-06-19 20:00:00,11285.185936847434,7029.03
2026-06-19 23:15:00,2026-06-19 20:00:00,10921.28555881049,6907.75
2026-06-19 23:30:00,2026-06-19 20:00:00,10538.368724385135,6828.7
2026-06-19 23:45:00,2026-06-19 20:00:00,10140.701775321488,6756.41
2026-06-20 00:00:00,2026-06-19 20:00:00,9733.044813162465,6775.08
2026-06-20 00:15:00,2026-06-19 20:00:00,9320.187397687985,16255.8
2026-06-20 00:30:00,2026-06-19 20:00:00,8906.377934732185,16025.9
2026-06-20 00:45:00,2026-06-19 20:00:00,8494.763316398361,15793.28
2026-06-20 01:00:00,2026-06-19 20:00:00,8087.085768179942,15548.64
2026-06-20 01:15:00,2026-06-19 20:00:00,7683.78194205432,15373.99
2026-06-20 01:30:00,2026-06-19 20:00:00,7284.541478289371,15197.0
2026-06-20 01:45:00,2026-06-19 20:00:00,6889.1139022618645,15021.28
2026-06-20 02:00:00,2026-06-19 20:00:00,6498.109510903905,14816.8
2026-06-20 02:15:00,2026-06-19 20:00:00,6113.517490666198,14578.74
2026-06-20 02:30:00,2026-06-19 20:00:00,5738.786115931775,14341.31
2026-06-20 02:45:00,2026-06-19 20:00:00,5378.3792240545445,14107.12
2026-06-20 03:00:00,2026-06-19 20:00:00,5037.002140729162,13887.34
2026-06-20 03:15:00,2026-06-19 20:00:00,4718.715418925326,13614.22
2026-06-20 03:30:00,2026-06-19 20:00:00,4426.1926977305175,13337.29
2026-06-20 03:45:00,2026-06-19 20:00:00,4160.293502675969,13055.67
2026-06-20 04:00:00,2026-06-19 20:00:00,3919.982685230296,12749.48
2026-06-20 04:15:00,2026-06-19 20:00:00,3702.6225859522087,12430.28
2026-06-20 04:30:00,2026-06-19 20:00:00,3504.4458538776717,12092.43
2026-06-20 04:45:00,2026-06-19 20:00:00,3321.2184598280182,11757.47
2026-06-20 05:00:00,2026-06-19 20:00:00,3148.772300537254,11426.56
2026-06-20 05:15:00,2026-06-19 20:00:00,2983.4642333047186,11075.89
2026-06-20 05:30:00,2026-06-19 20:00:00,2822.470635655471,10729.18
2026-06-20 05:45:00,2026-06-19 20:00:00,2663.961691821348,10385.86
2026-06-20 06:00:00,2026-06-19 20:00:00,2507.0831168701015,10056.23
2026-06-20 06:15:00,2026-06-19 20:00:00,2351.8554076407745,9720.25
2026-06-20 06:30:00,2026-06-19 20:00:00,2198.994983975251,9381.22
2026-06-20 06:45:00,2026-06-19 20:00:00,2049.7123561850626,9037.45
2026-06-20 07:00:00,2026-06-19 20:00:00,1905.4738635305353,8676.2
2026-06-20 07:15:00,2026-06-19 20:00:00,1767.7987981755616,8291.93
2026-06-20 07:30:00,2026-06-19 20:00:00,1638.1185320160039,7891.86
2026-06-20 07:45:00,2026-06-19 20:00:00,1517.6842295286656,7480.58
2026-06-20 08:00:00,2026-06-19 20:00:00,1407.5073557181372,7048.66
2026-06-20 08:15:00,2026-06-19 20:00:00,1308.3369861776296,6636.82
2026-06-20 08:30:00,2026-06-19 20:00:00,1220.649318554952,6228.45
2026-06-20 08:45:00,2026-06-19 20:00:00,1144.6176435555992,5824.53
2026-06-20 09:00:00,2026-06-20 08:00:00,1080.0874982956225,5422.6
2026-06-20 09:15:00,2026-06-20 08:00:00,1026.5719741237292,5022.99
2026-06-20 09:30:00,2026-06-20 08:00:00,983.290365480264,4673.36
2026-06-20 09:45:00,2026-06-20 08:00:00,949.228688406245,4318.82
2026-06-20 10:00:00,2026-06-20 08:00:00,923.2511592967517,3976.93
2026-06-20 10:15:00,2026-06-20 08:00:00,904.2265235997751,3681.53
2026-06-20 10:30:00,2026-06-20 08:00:00,891.1638412017338,3406.79
2026-06-20 10:45:00,2026-06-20 08:00:00,883.2874584214269,3157.58
2026-06-20 11:00:00,2026-06-20 08:00:00,880.0841120351945,2919.4
2026-06-20 11:15:00,2026-06-20 08:00:00,881.2890556068672,2699.59
2026-06-20 11:30:00,2026-06-20 08:00:00,886.8192110000535,2516.64
2026-06-20 11:45:00,2026-06-20 08:00:00,896.6421292342433,2346.41
2026-06-20 12:00:00,2026-06-20 08:00:00,910.6340448887566,2183.86
2026-06-20 12:15:00,2026-06-20 08:00:00,928.44188572077,2039.6
2026-06-20 12:30:00,2026-06-20 08:00:00,949.3796857786074,1906.9
2026-06-20 12:45:00,2026-06-20 08:00:00,972.372990193538,1801.16
2026-06-20 13:00:00,2026-06-20 08:00:00,995.9998615655637,1710.0
2026-06-20 13:15:00,2026-06-20 08:00:00,1018.619066202129,1636.43
2026-06-20 13:30:00,2026-06-20 08:00:00,1038.5712055098822,1577.63
2026-06-20 13:45:00,2026-06-20 08:00:00,1054.4107180604888,1522.35
2026-06-20 14:00:00,2026-06-20 08:00:00,1065.1418743162192,1478.12
2026-06-20 14:15:00,2026-06-20 08:00:00,1070.3905524227505,1427.67
2026-06-20 14:30:00,2026-06-20 08:00:00,1070.4816386271295,1379.31
2026-06-20 14:45:00,2026-06-20 08:00:00,1066.385285835799,1334.47
2026-06-20 15:00:00,2026-06-20 08:00:00,1059.5710352726924,1275.28
2026-06-20 15:15:00,2026-06-20 08:00:00,1051.792298100186,1241.33
2026-06-20 15:30:00,2026-06-20 08:00:00,1044.8510596308665,1208.04
2026-06-20 15:45:00,2026-06-20 08:00:00,1040.3717286382623,1179.41
2026-06-20 16:00:00,2026-06-20 08:00:00,1039.6305130840879,1153.31
2026-06-20 16:15:00,2026-06-20 08:00:00,1043.4385638709502,1131.05
2026-06-20 16:30:00,2026-06-20 08:00:00,1052.0739496603076,1103.77
2026-06-20 16:45:00,2026-06-20 08:00:00,1065.26387426464,1077.28
2026-06-20 17:00:00,2026-06-20 08:00:00,1082.2301629245321,1055.26
2026-06-20 17:15:00,2026-06-20 08:00:00,1101.7984185115956,1037.76
2026-06-20 17:30:00,2026-06-20 08:00:00,1122.5757742864826,1037.28
2026-06-20 17:45:00,2026-06-20 08:00:00,1143.1710630327325,1030.37
2026-06-20 18:00:00,2026-06-20 08:00:00,1162.4382052982612,1025.57
2026-06-20 18:15:00,2026-06-20 08:00:00,1179.689271144871,1038.36
2026-06-20 18:30:00,2026-06-20 08:00:00,1194.8213615688305,1049.95
2026-06-20 18:45:00,2026-06-20 08:00:00,1208.3144999304232,1072.16
2026-06-20 19:00:00,2026-06-20 08:00:00,1221.1094491140761,1089.07
2026-06-20 19:15:00,2026-06-20 08:00:00,1234.3805889836826,1125.6
2026-06-20 19:30:00,2026-06-20 08:00:00,1249.248329440207,1172.41
2026-06-20 19:45:00,2026-06-20 08:00:00,1266.5035285356807,1228.44
2026-06-20 20:00:00,2026-06-20 08:00:00,1286.416337386372,1290.57
2026-06-20 20:15:00,2026-06-20 08:00:00,1308.6795871286322,1348.43
2026-06-20 20:30:00,2026-06-20 08:00:00,1332.5022162134173,1416.17
2026-06-20 20:45:00,2026-06-20 08:00:00,1356.8257478945309,1485.24
2026-06-20 21:00:00,2026-06-20 20:00:00,1380.606726698664,1547.99
2026-06-20 21:15:00,2026-06-20 20:00:00,1403.0779092835655,1602.18
2026-06-20 21:30:00,2026-06-20 20:00:00,1423.9181803034298,1653.74
2026-06-20 21:45:00,2026-06-20 20:00:00,1443.27805601327,1706.46
2026-06-20 22:00:00,2026-06-20 20:00:00,1461.6672012796575,1763.6
2026-06-20 22:15:00,2026-06-20 20:00:00,1479.732481743043,1803.96
2026-06-20 22:30:00,2026-06-20 20:00:00,1498.0073388840492,1844.17
2026-06-20 22:45:00,2026-06-20 20:00:00,1516.6797436913125,1886.06
2026-06-20 23:00:00,2026-06-20 20:00:00,1535.4623097824933,1938.24
2026-06-20 23:15:00,2026-06-20 20:00:00,1553.5774979655719,1991.28
2026-06-20 23:30:00,2026-06-20 20:00:00,1569.8791246608216,2044.73
2026-06-20 23:45:00,2026-06-20 20:00:00,1583.057817443826,2074.74
2026-06-21 00:00:00,2026-06-20 20:00:00,1591.8845997809792,2080.55
2026-06-21 00:15:00,2026-06-20 20:00:00,1595.4070444684135,1515.21
2026-06-21 00:30:00,2026-06-20 20:00:00,1593.065429257155,1502.66
2026-06-21 00:45:00,2026-06-20 20:00:00,1584.6921204023513,1490.47
2026-06-21 01:00:00,2026-06-20 20:00:00,1570.4162817853614,1478.71
2026-06-21 01:15:00,2026-06-20 20:00:00,1550.5156877391896,1456.74
2026-06-21 01:30:00,2026-06-20 20:00:00,1525.2909461321037,1426.92
2026-06-21 01:45:00,2026-06-20 20:00:00,1494.984655763334,1395.84
2026-06-21 02:00:00,2026-06-20 20:00:00,1459.7774904320231,1360.28
2026-06-21 02:15:00,2026-06-20 20:00:00,1419.8405483912622,1325.11
2026-06-21 02:30:00,2026-06-20 20:00:00,1375.422213276729,1286.3
2026-06-21 02:45:00,2026-06-20 20:00:00,1326.9343877633999,1247.93
2026-06-21 03:00:00,2026-06-20 20:00:00,1275.0051005318655,1203.51
2026-06-21 03:15:00,2026-06-20 20:00:00,1220.4793052020623,1158.77
2026-06-21 03:30:00,2026-06-20 20:00:00,1164.38522707095,1114.3
2026-06-21 03:45:00,2026-06-20 20:00:00,1107.8788380239885,1075.03
2026-06-21 04:00:00,2026-06-20 20:00:00,1052.1890118744293,1037.26
2026-06-21 04:15:00,2026-06-20 20:00:00,998.5821361172062,1009.56
2026-06-21 04:30:00,2026-06-20 20:00:00,948.3684907608786,995.41
2026-06-21 04:45:00,2026-06-20 20:00:00,902.9184806747581,984.35
2026-06-21 05:00:00,2026-06-20 20:00:00,863.666639408028,978.02
2026-06-21 05:15:00,2026-06-20 20:00:00,832.0598965423035,975.99
2026-06-21 05:30:00,2026-06-20 20:00:00,809.440297912327,971.7
2026-06-21 05:45:00,2026-06-20 20:00:00,796.8586171340439,968.49
2026-06-21 06:00:00,2026-06-20 20:00:00,794.8675538177458,968.35
2026-06-21 06:15:00,2026-06-20 20:00:00,803.3406575738853,968.94
2026-06-21 06:30:00,2026-06-20 20:00:00,821.4052527684775,964.45
2026-06-21 06:45:00,2026-06-20 20:00:00,847.4996053890192,968.69
2026-06-21 07:00:00,2026-06-20 20:00:00,879.5824267630476,970.31
2026-06-21 07:15:00,2026-06-20 20:00:00,915.4389006381888,977.98
2026-06-21 07:30:00,2026-06-20 20:00:00,953.0355923638133,989.31
2026-06-21 07:45:00,2026-06-20 20:00:00,990.8230088486223,1004.28
2026-06-21 08:00:00,2026-06-20 20:00:00,1027.9392887397269,1016.37
2026-06-21 08:15:00,2026-06-20 20:00:00,1064.2504044174216,1028.5
2026-06-21 08:30:00,2026-06-20 20:00:00,1100.247425179351,1040.79
2026-06-21 08:45:00,2026-06-20 20:00:00,1136.8075600455516,1059.3
2026-06-21 09:00:00,2026-06-21 08:00:00,1174.9235710890173,1081.67
2026-06-21 09:15:00,2026-06-21 08:00:00,1215.4621739675317,1105.44
2026-06-21 09:30:00,2026-06-21 08:00:00,1259.0327329125964,1156.35
2026-06-21 09:45:00,2026-06-21 08:00:00,1305.9652233205416,1190.01
2026-06-21 10:00:00,2026-06-21 08:00:00,1356.404857602845,1241.14
2026-06-21 10:15:00,2026-06-21 08:00:00,1410.4408640536917,1299.56
2026-06-21 10:30:00,2026-06-21 08:00:00,1468.2120589936321,1364.08
2026-06-21 10:45:00,2026-06-21 08:00:00,1529.93786133492,1429.37
2026-06-21 11:00:00,2026-06-21 08:00:00,1595.888833092131,1495.38
2026-06-21 11:15:00,2026-06-21 08:00:00,1666.3114844456165,1551.27
2026-06-21 11:30:00,2026-06-21 08:00:00,1741.380056286469,1601.8
2026-06-21 11:45:00,2026-06-21 08:00:00,1821.177225021272,1635.98
2026-06-21 12:00:00,2026-06-21 08:00:00,1905.7447679781824,1684.53
2026-06-21 12:15:00,2026-06-21 08:00:00,1995.1509154918435,1734.31
2026-06-21 12:30:00,2026-06-21 08:00:00,2089.5553311809745,1779.98
2026-06-21 12:45:00,2026-06-21 08:00:00,2189.180550608888,1830.85
2026-06-21 13:00:00,2026-06-21 08:00:00,2294.2057899409274,1886.38
2026-06-21 13:15:00,2026-06-21 08:00:00,2404.558732283326,1949.03
2026-06-21 13:30:00,2026-06-21 08:00:00,2519.643515369653,2010.35
2026-06-21 13:45:00,2026-06-21 08:00:00,2638.0650517527956,2074.87
2026-06-21 14:00:00,2026-06-21 08:00:00,2757.4444363657976,2142.87
2026-06-21 14:15:00,2026-06-21 08:00:00,2874.3900133069246,2203.57
2026-06-21 14:30:00,2026-06-21 08:00:00,2984.665719110478,2267.97
2026-06-21 14:45:00,2026-06-21 08:00:00,3083.5667552512564,2330.61
2026-06-21 15:00:00,2026-06-21 08:00:00,3166.482518647099,2393.73
2026-06-21 15:15:00,2026-06-21 08:00:00,3229.537792405741,2450.99
2026-06-21 15:30:00,2026-06-21 08:00:00,3270.2252037907556,2506.95
2026-06-21 15:45:00,2026-06-21 08:00:00,3287.9047863792352,2562.35
2026-06-21 16:00:00,2026-06-21 08:00:00,3284.0983150749316,2619.27
2026-06-21 16:15:00,2026-06-21 08:00:00,3262.499137989428,2669.22
2026-06-21 16:30:00,2026-06-21 08:00:00,3228.680292842171,2711.05
2026-06-21 16:45:00,2026-06-21 08:00:00,3189.5365189374193,2749.69
2026-06-21 17:00:00,2026-06-21 08:00:00,3152.5488002637026,2791.82
2026-06-21 17:15:00,2026-06-21 08:00:00,3124.957751469309,2800.26
2026-06-21 17:30:00,2026-06-21 08:00:00,3113.009543310249,2800.92
2026-06-21 17:45:00,2026-06-21 08:00:00,3121.3679514381865,2799.51
2026-06-21 18:00:00,2026-06-21 08:00:00,3152.80519365261,2825.45
2026-06-21 18:15:00,2026-06-21 08:00:00,3208.1874560532015,2848.74
2026-06-21 18:30:00,2026-06-21 08:00:00,3286.7414901731336,2856.08
2026-06-21 18:45:00,2026-06-21 08:00:00,3386.503743039645,2862.56
2026-06-21 19:00:00,2026-06-21 08:00:00,3504.806839612177,2856.52
2026-06-21 19:15:00,2026-06-21 08:00:00,3638.6449855805604,2843.18
2026-06-21 19:30:00,2026-06-21 08:00:00,3784.8591981009704,2824.32
2026-06-21 19:45:00,2026-06-21 08:00:00,3940.118809883585,2802.92
2026-06-21 20:00:00,2026-06-21 08:00:00,4100.800197756932,2785.64
2026-06-21 20:15:00,2026-06-21 08:00:00,4262.94695595047,2766.65
2026-06-21 20:30:00,2026-06-21 08:00:00,4422.357193320533,2763.27
2026-06-21 20:45:00,2026-06-21 08:00:00,4574.887414249913,2765.95
2026-06-21 21:00:00,2026-06-21 20:00:00,4716.870041364174,2753.42
2026-06-21 21:15:00,2026-06-21 20:00:00,4845.475344003144,2742.18
2026-06-21 21:30:00,2026-06-21 20:00:00,4958.870377766819,2730.1
2026-06-21 21:45:00,2026-06-21 20:00:00,5056.126577605186,2722.8
2026-06-21 22:00:00,2026-06-21 20:00:00,5136.920216193547,2717.6
2026-06-21 22:15:00,2026-06-21 20:00:00,5201.202983094611,2699.0
2026-06-21 22:30:00,2026-06-21 20:00:00,5249.019366414263,2681.93
2026-06-21 22:45:00,2026-06-21 20:00:00,5280.591630902033,2662.2
2026-06-21 23:00:00,2026-06-21 20:00:00,5296.6132987635265,2641.15
2026-06-21 23:15:00,2026-06-21 20:00:00,5298.628002169418,2628.33
2026-06-21 23:30:00,2026-06-21 20:00:00,5289.261008011553,2610.87
2026-06-21 23:45:00,2026-06-21 20:00:00,5272.156213720566,2563.65
2026-06-22 00:00:00,2026-06-21 20:00:00,5251.560052181832,2590.44
2026-06-22 00:15:00,2026-06-21 20:00:00,5231.670679996167,2402.27
2026-06-22 00:30:00,2026-06-21 20:00:00,5215.973127147861,2408.62
2026-06-22 00:45:00,2026-06-21 20:00:00,5206.808204910008,2419.91
2026-06-22 01:00:00,2026-06-21 20:00:00,5205.296894614427,2436.97
2026-06-22 01:15:00,2026-06-21 20:00:00,5211.660505099314,2460.96
2026-06-22 01:30:00,2026-06-21 20:00:00,5225.806356908621,2492.38
2026-06-22 01:45:00,2026-06-21 20:00:00,5247.970245360964,2522.0
2026-06-22 02:00:00,2026-06-21 20:00:00,5279.211550831076,2562.09
2026-06-22 02:15:00,2026-06-21 20:00:00,5321.604072486993,2618.09
2026-06-22 02:30:00,2026-06-21 20:00:00,5378.091054022962,2681.17
2026-06-22 02:45:00,2026-06-21 20:00:00,5452.044919319621,2749.99
2026-06-22 03:00:00,2026-06-21 20:00:00,5546.666304557086,2817.28
2026-06-22 03:15:00,2026-06-21 20:00:00,5664.396453874755,2908.19
2026-06-22 03:30:00,2026-06-21 20:00:00,5806.472748118957,3021.15
2026-06-22 03:45:00,2026-06-21 20:00:00,5972.70330955918,3137.38
2026-06-22 04:00:00,2026-06-21 20:00:00,6161.462201030041,3260.21
2026-06-22 04:15:00,2026-06-21 20:00:00,6369.851295323761,3418.28
2026-06-22 04:30:00,2026-06-21 20:00:00,6593.919537790373,3596.92
2026-06-22 04:45:00,2026-06-21 20:00:00,6828.9770032732395,3784.94
2026-06-22 05:00:00,2026-06-21 20:00:00,7069.904370192671,3979.53
2026-06-22 05:15:00,2026-06-21 20:00:00,7311.526214412074,4182.1
2026-06-22 05:30:00,2026-06-21 20:00:00,7549.07943678225,4399.3
2026-06-22 05:45:00,2026-06-21 20:00:00,7778.731210503276,4613.06
2026-06-22 06:00:00,2026-06-21 20:00:00,7998.0576552486955,4852.98
2026-06-22 06:15:00,2026-06-21 20:00:00,8206.352237470848,5100.4
2026-06-22 06:30:00,2026-06-21 20:00:00,8404.637035542746,5347.25
2026-06-22 06:45:00,2026-06-21 20:00:00,8595.35215259213,5597.53
2026-06-22 07:00:00,2026-06-21 20:00:00,8781.736062388796,5848.1
2026-06-22 07:15:00,2026-06-21 20:00:00,8967.026442723507,6108.13
2026-06-22 07:30:00,2026-06-21 20:00:00,9153.705749701212,6335.58
2026-06-22 07:45:00,2026-06-21 20:00:00,9342.984394207995,6563.84
2026-06-22 08:00:00,2026-06-21 20:00:00,9534.653797582352,6791.77
2026-06-22 08:15:00,2026-06-21 20:00:00,9727.357039679588,6990.07
2026-06-22 08:30:00,2026-06-21 20:00:00,9919.24499383188,7186.29
2026-06-22 08:45:00,2026-06-21 20:00:00,10108.803813096602,7375.01
2026-06-22 09:00:00,2026-06-22 08:00:00,10295.606191960827,7510.57
2026-06-22 09:15:00,2026-06-22 08:00:00,10480.707297207136,7635.53
2026-06-22 09:30:00,2026-06-22 08:00:00,10666.547746858965,7748.28
2026-06-22 09:45:00,2026-06-22 08:00:00,10856.353996479316,7856.31
2026-06-22 10:00:00,2026-06-22 08:00:00,11053.211369627657,7954.26
2026-06-22 10:15:00,2026-06-22 08:00:00,11259.084555446949,8038.53
2026-06-22 10:30:00,2026-06-22 08:00:00,11474.121192821067,8112.4
2026-06-22 10:45:00,2026-06-22 08:00:00,11696.409460221335,8186.28
2026-06-22 11:00:00,2026-06-22 08:00:00,11922.239002260547,8261.89
2026-06-22 11:15:00,2026-06-22 08:00:00,12146.71268797823,8309.94
2026-06-22 11:30:00,2026-06-22 08:00:00,12364.53343744537,8351.47
2026-06-22 11:45:00,2026-06-22 08:00:00,12570.748169574255,8382.74
2026-06-22 12:00:00,2026-06-22 08:00:00,12761.2941314026,8400.31
2026-06-22 12:15:00,2026-06-22 08:00:00,12933.28093536443,8385.47
2026-06-22 12:30:00,2026-06-22 08:00:00,13085.033449625102,8363.17
2026-06-22 12:45:00,2026-06-22 08:00:00,13215.967953461884,8340.54
2026-06-22 13:00:00,2026-06-22 08:00:00,13326.385605210326,8311.35
2026-06-22 13:15:00,2026-06-22 08:00:00,13417.257079747706,8269.43
2026-06-22 13:30:00,2026-06-22 08:00:00,13490.100812292269,8229.34
2026-06-22 13:45:00,2026-06-22 08:00:00,13546.935208814213,8181.78
2026-06-22 14:00:00,2026-06-22 08:00:00,13590.32451920506,8120.69
2026-06-22 14:15:00,2026-06-22 08:00:00,13623.422820980133,8069.34
2026-06-22 14:30:00,2026-06-22 08:00:00,13649.965607192706,8006.19
2026-06-22 14:45:00,2026-06-22 08:00:00,13674.143757480986,7941.1
2026-06-22 15:00:00,2026-06-22 08:00:00,13700.310625866365,7863.14
2026-06-22 15:15:00,2026-06-22 08:00:00,13732.549658925738,7733.66
2026-06-22 15:30:00,2026-06-22 08:00:00,13774.209479914278,7591.83
2026-06-22 15:45:00,2026-06-22 08:00:00,13827.453865842042,7446.76
2026-06-22 16:00:00,2026-06-22 08:00:00,13892.984354679676,7302.63
2026-06-22 16:15:00,2026-06-22 08:00:00,13969.9837090959,7163.91
2026-06-22 16:30:00,2026-06-22 08:00:00,14056.35277583392,7054.25
2026-06-22 16:45:00,2026-06-22 08:00:00,14149.096886870455,6954.33
2026-06-22 17:00:00,2026-06-22 08:00:00,14244.768823919103,6862.12
2026-06-22 17:15:00,2026-06-22 08:00:00,14339.782797154414,6777.54
2026-06-22 17:30:00,2026-06-22 08:00:00,14430.447643408737,6692.72
2026-06-22 17:45:00,2026-06-22 08:00:00,14512.745637960641,6612.29
2026-06-22 18:00:00,2026-06-22 08:00:00,14581.933821168499,6559.58
2026-06-22 18:15:00,2026-06-22 08:00:00,14632.183740504737,6571.49
2026-06-22 18:30:00,2026-06-22 08:00:00,14656.488562393586,6575.15
2026-06-22 18:45:00,2026-06-22 08:00:00,14646.99950346578,6590.11
2026-06-22 19:00:00,2026-06-22 08:00:00,14595.835552467624,6616.06
2026-06-22 19:15:00,2026-06-22 08:00:00,14496.280640950168,6674.37
2026-06-22 19:30:00,2026-06-22 08:00:00,14344.091457836115,6750.21
2026-06-22 19:45:00,2026-06-22 08:00:00,14138.637829721602,6824.07
2026-06-22 20:00:00,2026-06-22 08:00:00,13883.467453890089,6902.56
2026-06-22 20:15:00,2026-06-22 08:00:00,13586.220760779503,6973.58
2026-06-22 20:30:00,2026-06-22 08:00:00,13257.578147763821,7041.49
2026-06-22 20:45:00,2026-06-22 08:00:00,12909.630592340822,7105.2
2026-06-22 21:00:00,2026-06-22 20:00:00,12553.924119860207,7157.63
2026-06-22 21:15:00,2026-06-22 20:00:00,12199.71997266251,7174.42
2026-06-22 21:30:00,2026-06-22 20:00:00,11852.838251336,7176.68
2026-06-22 21:45:00,2026-06-22 20:00:00,11515.354595202702,7184.08
2026-06-22 22:00:00,2026-06-22 20:00:00,11186.084616454471,7190.94
2026-06-22 22:15:00,2026-06-22 20:00:00,10861.650741746955,7203.56
2026-06-22 22:30:00,2026-06-22 20:00:00,10537.794894440867,7226.9
2026-06-22 22:45:00,2026-06-22 20:00:00,10210.706896480016,7245.59
2026-06-22 23:00:00,2026-06-22 20:00:00,9878.138017608322,7256.71
2026-06-22 23:15:00,2026-06-22 20:00:00,9540.223695037466,7234.96
2026-06-22 23:30:00,2026-06-22 20:00:00,9199.880921347794,7210.72
2026-06-22 23:45:00,2026-06-22 20:00:00,8862.70683604863,7165.23
2026-06-23 00:00:00,2026-06-22 20:00:00,8536.333063627731,7148.22
2026-06-23 00:15:00,2026-06-22 20:00:00,8229.331267922153,11762.0
2026-06-23 00:30:00,2026-06-22 20:00:00,7949.901708686085,11664.17
2026-06-23 00:45:00,2026-06-22 20:00:00,7704.665804039505,11539.15
2026-06-23 01:00:00,2026-06-22 20:00:00,7497.892714366031,11399.6
2026-06-23 01:15:00,2026-06-22 20:00:00,7331.332783402855,11280.86
2026-06-23 01:30:00,2026-06-22 20:00:00,7204.594671059558,11161.42
2026-06-23 01:45:00,2026-06-22 20:00:00,7115.913838250464,11035.48
2026-06-23 02:00:00,2026-06-22 20:00:00,7062.945477978654,10917.82
2026-06-23 02:15:00,2026-06-22 20:00:00,7043.409881145684,10829.67
2026-06-23 02:30:00,2026-06-22 20:00:00,7055.387934573886,10756.98
2026-06-23 02:45:00,2026-06-22 20:00:00,7097.283201176339,10694.4
2026-06-23 03:00:00,2026-06-22 20:00:00,7167.521084904171,10645.27
2026-06-23 03:15:00,2026-06-22 20:00:00,7264.170346335246,10636.27
2026-06-23 03:30:00,2026-06-22 20:00:00,7384.5835760606105,10654.39
2026-06-23 03:45:00,2026-06-22 20:00:00,7525.21162855189,10681.1
2026-06-23 04:00:00,2026-06-22 20:00:00,7681.543553421875,10713.67
2026-06-23 04:15:00,2026-06-22 20:00:00,7848.236021512957,10745.6
2026-06-23 04:30:00,2026-06-22 20:00:00,8019.2846829424225,10784.21
2026-06-23 04:45:00,2026-06-22 20:00:00,8188.430242467848,10814.84
2026-06-23 05:00:00,2026-06-22 20:00:00,8349.52298055932,10834.03
2026-06-23 05:15:00,2026-06-22 20:00:00,8497.020178951627,10877.02
2026-06-23 05:30:00,2026-06-22 20:00:00,8626.512050596033,10937.35
2026-06-23 05:45:00,2026-06-22 20:00:00,8735.220290863952,11016.32
2026-06-23 06:00:00,2026-06-22 20:00:00,8822.265220658343,11103.47
2026-06-23 06:15:00,2026-06-22 20:00:00,8888.644588711057,11179.53
2026-06-23 06:30:00,2026-06-22 20:00:00,8936.844054037369,11233.23
2026-06-23 06:45:00,2026-06-22 20:00:00,8970.177547764119,11282.38
2026-06-23 07:00:00,2026-06-22 20:00:00,8991.985905643187,11337.16
2026-06-23 07:15:00,2026-06-22 20:00:00,9004.961764210359,11347.34
2026-06-23 07:30:00,2026-06-22 20:00:00,9010.787286335719,11333.91
2026-06-23 07:45:00,2026-06-22 20:00:00,9010.177030614634,11332.07
2026-06-23 08:00:00,2026-06-22 20:00:00,9003.25011663387,11298.35
2026-06-23 08:15:00,2026-06-22 20:00:00,8990.089062582767,11270.41
2026-06-23 08:30:00,2026-06-22 20:00:00,8971.289592813147,11228.75
2026-06-23 08:45:00,2026-06-22 20:00:00,8948.317253711803,11183.98
2026-06-23 09:00:00,2026-06-23 08:00:00,8923.581694853474,11074.16
2026-06-23 09:15:00,2026-06-23 08:00:00,8900.204077920109,11023.69
2026-06-23 09:30:00,2026-06-23 08:00:00,8881.57539155421,10956.93
2026-06-23 09:45:00,2026-06-23 08:00:00,8870.822130358349,10894.6
2026-06-23 10:00:00,2026-06-23 08:00:00,8870.305127227632,10862.3
2026-06-23 10:15:00,2026-06-23 08:00:00,8881.244438441838,10823.43
2026-06-23 10:30:00,2026-06-23 08:00:00,8903.595684958169,10783.76
2026-06-23 10:45:00,2026-06-23 08:00:00,8936.168174238632,10752.75
2026-06-23 11:00:00,2026-06-23 08:00:00,8976.945741738298,10729.9
2026-06-23 11:15:00,2026-06-23 08:00:00,9023.48809978586,10719.39
2026-06-23 11:30:00,2026-06-23 08:00:00,9073.351299453398,10710.31
2026-06-23 11:45:00,2026-06-23 08:00:00,9124.419609860337,10700.36
2026-06-23 12:00:00,2026-06-23 08:00:00,9175.085743915883,10662.83
2026-06-23 12:15:00,2026-06-23 08:00:00,9224.25615989965,10647.46
2026-06-23 12:30:00,2026-06-23 08:00:00,9271.254505646431,10634.75
2026-06-23 12:45:00,2026-06-23 08:00:00,9315.653636452238,10624.27
2026-06-23 13:00:00,2026-06-23 08:00:00,9357.132760064807,10613.15
2026-06-23 13:15:00,2026-06-23 08:00:00,9395.378600958918,10614.26
2026-06-23 13:30:00,2026-06-23 08:00:00,9430.107038330561,10625.3
2026-06-23 13:45:00,2026-06-23 08:00:00,9461.158357279102,10651.22
2026-06-23 14:00:00,2026-06-23 08:00:00,9488.63304655974,10683.48
2026-06-23 14:15:00,2026-06-23 08:00:00,9512.969150922052,10701.64
2026-06-23 14:30:00,2026-06-23 08:00:00,9534.915295444325,10717.83
2026-06-23 14:45:00,2026-06-23 08:00:00,9555.381190475548,10722.14
2026-06-23 15:00:00,2026-06-23 08:00:00,9575.181493962156,10720.4
2026-06-23 15:15:00,2026-06-23 08:00:00,9594.744575267867,10721.66
2026-06-23 15:30:00,2026-06-23 08:00:00,9613.889333209088,10713.23
2026-06-23 15:45:00,2026-06-23 08:00:00,9631.748277935145,10704.32
2026-06-23 16:00:00,2026-06-23 08:00:00,9646.875102742992,10701.89
2026-06-23 16:15:00,2026-06-23 08:00:00,9657.513390512064,10666.67
2026-06-23 16:30:00,2026-06-23 08:00:00,9661.987600992621,10643.28
2026-06-23 16:45:00,2026-06-23 08:00:00,9659.113970641842,10619.03
2026-06-23 17:00:00,2026-06-23 08:00:00,9648.532918833065,10586.33
2026-06-23 17:15:00,2026-06-23 08:00:00,9630.871534832555,10557.92
2026-06-23 17:30:00,2026-06-23 08:00:00,9607.684439138899,10530.64
2026-06-23 17:45:00,2026-06-23 08:00:00,9581.179185286335,10509.69
2026-06-23 18:00:00,2026-06-23 08:00:00,9553.776178244047,10495.95
2026-06-23 18:15:00,2026-06-23 08:00:00,9527.61805495534,10549.5
2026-06-23 18:30:00,2026-06-23 08:00:00,9504.133552444331,10575.86
2026-06-23 18:45:00,2026-06-23 08:00:00,9483.76403378065,10612.94
2026-06-23 19:00:00,2026-06-23 08:00:00,9465.905909751276,10642.17
2026-06-23 19:15:00,2026-06-23 08:00:00,9449.066560044083,10604.39
2026-06-23 19:30:00,2026-06-23 08:00:00,9431.179036193935,10537.22
2026-06-23 19:45:00,2026-06-23 08:00:00,9409.999096116875,10450.79
2026-06-23 20:00:00,2026-06-23 08:00:00,9383.440568623904,10339.56
2026-06-23 20:15:00,2026-06-23 08:00:00,9349.893775892673,10197.31
2026-06-23 20:30:00,2026-06-23 08:00:00,9308.29476853244,10059.07
2026-06-23 20:45:00,2026-06-23 08:00:00,9258.097319877648,9923.94
2026-06-23 21:00:00,2026-06-23 20:00:00,9199.09221002724,9792.45
2026-06-23 21:15:00,2026-06-23 20:00:00,9131.15799083983,9660.44
2026-06-23 21:30:00,2026-06-23 20:00:00,9054.012528874671,9536.4
2026-06-23 21:45:00,2026-06-23 20:00:00,8967.030978504716,9423.98
2026-06-23 22:00:00,2026-06-23 20:00:00,8869.192096165409,9321.18
2026-06-23 22:15:00,2026-06-23 20:00:00,8759.227267902363,9226.26
2026-06-23 22:30:00,2026-06-23 20:00:00,8636.003841195481,9126.31
2026-06-23 22:45:00,2026-06-23 20:00:00,8499.12077911528,9034.65
2026-06-23 23:00:00,2026-06-23 20:00:00,8349.571839526016,8950.09
2026-06-23 23:15:00,2026-06-23 20:00:00,8190.307581784155,8842.56
2026-06-23 23:30:00,2026-06-23 20:00:00,8026.454969475806,8736.51
2026-06-23 23:45:00,2026-06-23 20:00:00,7865.014516940611,8617.79
2026-06-24 00:00:00,2026-06-23 20:00:00,7713.979287980593,8589.56
2026-06-24 00:15:00,2026-06-23 20:00:00,7581.075014211605,9603.2
2026-06-24 00:30:00,2026-06-23 20:00:00,7472.44570341497,9514.15
2026-06-24 00:45:00,2026-06-23 20:00:00,7391.648864075555,9428.26
2026-06-24 01:00:00,2026-06-23 20:00:00,7339.204906187037,9352.56
2026-06-24 01:15:00,2026-06-23 20:00:00,7312.7903213975715,9302.48
2026-06-24 01:30:00,2026-06-23 20:00:00,7307.93282214685,9270.97
2026-06-24 01:45:00,2026-06-23 20:00:00,7318.962463209675,9243.34
2026-06-24 02:00:00,2026-06-23 20:00:00,7339.911550485491,9223.74
2026-06-24 02:15:00,2026-06-23 20:00:00,7365.2188029690005,9251.65
2026-06-24 02:30:00,2026-06-23 20:00:00,7390.145394133453,9307.6
2026-06-24 02:45:00,2026-06-23 20:00:00,7410.961162153221,9375.0
2026-06-24 03:00:00,2026-06-23 20:00:00,7424.932274361592,9447.34
2026-06-24 03:15:00,2026-06-23 20:00:00,7430.233539824933,9505.98
2026-06-24 03:30:00,2026-06-23 20:00:00,7425.852958858135,9565.66
2026-06-24 03:45:00,2026-06-23 20:00:00,7411.524686181505,9615.46
2026-06-24 04:00:00,2026-06-23 20:00:00,7387.664171426655,9653.77
2026-06-24 04:15:00,2026-06-23 20:00:00,7355.3269236265905,9678.26
2026-06-24 04:30:00,2026-06-23 20:00:00,7316.115227052031,9694.45
2026-06-24 04:45:00,2026-06-23 20:00:00,7272.149354474941,9700.42
2026-06-24 05:00:00,2026-06-23 20:00:00,7225.887857648067,9691.54
2026-06-24 05:15:00,2026-06-23 20:00:00,7179.923026530123,9659.98
2026-06-24 05:30:00,2026-06-23 20:00:00,7136.733884765259,9615.36
2026-06-24 05:45:00,2026-06-23 20:00:00,7098.417521594696,9567.0
2026-06-24 06:00:00,2026-06-23 20:00:00,7066.409659609539,9509.15
2026-06-24 06:15:00,2026-06-23 20:00:00,7041.254589739242,9424.56
2026-06-24 06:30:00,2026-06-23 20:00:00,7022.491366679018,9302.2
2026-06-24 06:45:00,2026-06-23 20:00:00,7008.686631630555,9186.77
2026-06-24 07:00:00,2026-06-23 20:00:00,6997.628265691439,9071.71
2026-06-24 07:15:00,2026-06-23 20:00:00,6986.670788327168,8893.47
2026-06-24 07:30:00,2026-06-23 20:00:00,6973.2074408842345,8679.66
2026-06-24 07:45:00,2026-06-23 20:00:00,6955.145146522273,8447.92
2026-06-24 08:00:00,2026-06-23 20:00:00,6931.2770661555305,8186.24
2026-06-24 08:15:00,2026-06-23 20:00:00,6901.448792014024,7893.75
2026-06-24 08:30:00,2026-06-23 20:00:00,6866.489668265731,7590.95
2026-06-24 08:45:00,2026-06-23 20:00:00,6827.911788689153,7291.67
2026-06-24 09:00:00,2026-06-24 08:00:00,6787.4695781792625,6962.06
2026-06-24 09:15:00,2026-06-24 08:00:00,6746.696060855608,6654.75
2026-06-24 09:30:00,2026-06-24 08:00:00,6706.5763891557135,6350.64
2026-06-24 09:45:00,2026-06-24 08:00:00,6667.41545255422,6059.9
2026-06-24 10:00:00,2026-06-24 08:00:00,6628.936090256611,5770.03
2026-06-24 10:15:00,2026-06-24 08:00:00,6590.555347409338,5506.72
2026-06-24 10:30:00,2026-06-24 08:00:00,6551.773538382721,5265.85
2026-06-24 10:45:00,2026-06-24 08:00:00,6512.54404158768,5035.73
2026-06-24 11:00:00,2026-06-24 08:00:00,6473.517721217174,4808.21
2026-06-24 11:15:00,2026-06-24 08:00:00,6436.07736903769,4621.06
2026-06-24 11:30:00,2026-06-24 08:00:00,6402.176363340931,4461.3
2026-06-24 11:45:00,2026-06-24 08:00:00,6373.987254639469,4301.22
2026-06-24 12:00:00,2026-06-24 08:00:00,6353.478841176035,4153.35
2026-06-24 12:15:00,2026-06-24 08:00:00,6342.017452939852,4046.58
2026-06-24 12:30:00,2026-06-24 08:00:00,6340.127994300697,3958.8
2026-06-24 12:45:00,2026-06-24 08:00:00,6347.423140594633,3881.88
2026-06-24 13:00:00,2026-06-24 08:00:00,6362.716708281623,3801.14
2026-06-24 13:15:00,2026-06-24 08:00:00,6384.2281500294075,3736.21
2026-06-24 13:30:00,2026-06-24 08:00:00,6409.829082255344,3667.62
2026-06-24 13:45:00,2026-06-24 08:00:00,6437.232430069158,3606.58
2026-06-24 14:00:00,2026-06-24 08:00:00,6464.1202076192485,3541.66
2026-06-24 14:15:00,2026-06-24 08:00:00,6488.216255334631,3463.27
2026-06-24 14:30:00,2026-06-24 08:00:00,6507.352429221584,3389.98
2026-06-24 14:45:00,2026-06-24 08:00:00,6519.536827378203,3316.33
2026-06-24 15:00:00,2026-06-24 08:00:00,6523.061788680446,3253.06
2026-06-24 15:15:00,2026-06-24 08:00:00,6516.63084372256,3185.35
2026-06-24 15:30:00,2026-06-24 08:00:00,6499.482069858332,3123.8
2026-06-24 15:45:00,2026-06-24 08:00:00,6471.459591998178,3065.54
2026-06-24 16:00:00,2026-06-24 08:00:00,6433.031131438043,2995.47
2026-06-24 16:15:00,2026-06-24 08:00:00,6385.232266121334,2925.47
2026-06-24 16:30:00,2026-06-24 08:00:00,6329.559213158134,2856.52
2026-06-24 16:45:00,2026-06-24 08:00:00,6267.812922550429,2783.4
2026-06-24 17:00:00,2026-06-24 08:00:00,6201.924796821912,2715.51
2026-06-24 17:15:00,2026-06-24 08:00:00,6133.793936271198,2631.96
2026-06-24 17:30:00,2026-06-24 08:00:00,6065.140642413442,2542.03
2026-06-24 17:45:00,2026-06-24 08:00:00,5997.3667552028455,2455.77
2026-06-24 18:00:00,2026-06-24 08:00:00,5931.422995912222,2363.54
2026-06-24 18:15:00,2026-06-24 08:00:00,5867.688783833193,2285.16
2026-06-24 18:30:00,2026-06-24 08:00:00,5805.855618168233,2205.13
2026-06-24 18:45:00,2026-06-24 08:00:00,5744.835209850787,2126.89
2026-06-24 19:00:00,2026-06-24 08:00:00,5682.727250419828,2051.15
2026-06-24 19:15:00,2026-06-24 08:00:00,5616.905774248042,1990.71
2026-06-24 19:30:00,2026-06-24 08:00:00,5544.219381582073,1940.57
2026-06-24 19:45:00,2026-06-24 08:00:00,5461.301798871276,1896.71
2026-06-24 20:00:00,2026-06-24 08:00:00,5364.952751292736,1847.93
2026-06-24 20:15:00,2026-06-24 08:00:00,5252.544168478063,1790.15
2026-06-24 20:30:00,2026-06-24 08:00:00,5122.350797412954,1728.33
2026-06-24 20:45:00,2026-06-24 08:00:00,4973.754437307043,1669.08
2026-06-24 21:00:00,2026-06-24 20:00:00,4807.301467533402,1609.02
2026-06-24 21:15:00,2026-06-24 20:00:00,4624.625496134413,1552.88
2026-06-24 21:30:00,2026-06-24 20:00:00,4428.260795989902,1500.81
2026-06-24 21:45:00,2026-06-24 20:00:00,4221.3663996913565,1450.87
2026-06-24 22:00:00,2026-06-24 20:00:00,4007.412557106772,1404.04
2026-06-24 22:15:00,2026-06-24 20:00:00,3789.874330181063,1364.21
2026-06-24 22:30:00,2026-06-24 20:00:00,3571.970868672743,1330.61
2026-06-24 22:45:00,2026-06-24 20:00:00,3356.46324053736,1296.31
2026-06-24 23:00:00,2026-06-24 20:00:00,3145.545800670777,1259.87
2026-06-24 23:15:00,2026-06-24 20:00:00,2940.846134371421,1222.22
2026-06-24 23:30:00,2026-06-24 20:00:00,2743.527691159879,1183.29
2026-06-24 23:45:00,2026-06-24 20:00:00,2554.436636734412,1115.6
2026-06-25 00:00:00,2026-06-24 20:00:00,2374.2439342908797,1036.83
2026-06-25 00:15:00,2026-06-24 20:00:00,2203.5514550689186,1084.66
2026-06-25 00:30:00,2026-06-24 20:00:00,2042.9524657137335,1046.2
2026-06-25 00:45:00,2026-06-24 20:00:00,1893.0193934485535,1003.57
2026-06-25 01:00:00,2026-06-24 20:00:00,1754.2555750004187,974.93
2026-06-25 01:15:00,2026-06-24 20:00:00,1627.0461213363849,946.06
2026-06-25 01:30:00,2026-06-24 20:00:00,1511.6431417137399,926.91
2026-06-25 01:45:00,2026-06-24 20:00:00,1408.1674211811194,912.85
2026-06-25 02:00:00,2026-06-24 20:00:00,1316.6212460556299,899.27
2026-06-25 02:15:00,2026-06-24 20:00:00,1236.9070584546516,892.68
2026-06-25 02:30:00,2026-06-24 20:00:00,1168.852983522699,892.12
2026-06-25 02:45:00,2026-06-24 20:00:00,1112.2169514770096,890.37
2026-06-25 03:00:00,2026-06-24 20:00:00,1066.6638885760774,892.58
2026-06-25 03:15:00,2026-06-24 20:00:00,1031.7321437271967,894.11
2026-06-25 03:30:00,2026-06-24 20:00:00,1006.802994253766,896.46
2026-06-25 03:45:00,2026-06-24 20:00:00,991.0756458814553,900.25
2026-06-25 04:00:00,2026-06-24 20:00:00,983.5388101556375,903.09
2026-06-25 04:15:00,2026-06-24 20:00:00,982.9598659135452,914.41
2026-06-25 04:30:00,2026-06-24 20:00:00,987.898689521606,927.62
2026-06-25 04:45:00,2026-06-24 20:00:00,996.7493739989216,944.91
2026-06-25 05:00:00,2026-06-24 20:00:00,1007.798879857399,959.7
2026-06-25 05:15:00,2026-06-24 20:00:00,1019.3156402001008,984.93
2026-06-25 05:30:00,2026-06-24 20:00:00,1029.6758609649264,1013.02
2026-06-25 05:45:00,2026-06-24 20:00:00,1037.4963087514552,1050.78
2026-06-25 06:00:00,2026-06-24 20:00:00,1041.7646034002892,1085.29
2026-06-25 06:15:00,2026-06-24 20:00:00,1041.9225452974674,1129.77
2026-06-25 06:30:00,2026-06-24 20:00:00,1037.9100858854729,1177.97
2026-06-25 06:45:00,2026-06-24 20:00:00,1030.1302027245097,1228.04
2026-06-25 07:00:00,2026-06-24 20:00:00,1019.3757356331548,1274.38
2026-06-25 07:15:00,2026-06-24 20:00:00,1006.718139202608,1310.2
2026-06-25 07:30:00,2026-06-24 20:00:00,993.410398404489,1338.91
2026-06-25 07:45:00,2026-06-24 20:00:00,980.7777815625808,1359.46
2026-06-25 08:00:00,2026-06-24 20:00:00,970.1307789721632,1361.33
2026-06-25 08:15:00,2026-06-24 20:00:00,962.6600861277102,1353.66
2026-06-25 08:30:00,2026-06-24 20:00:00,959.3277264881331,1339.72
2026-06-25 08:45:00,2026-06-24 20:00:00,960.7222513089118,1327.37
2026-06-25 09:00:00,2026-06-25 08:00:00,966.9519240122361,1313.8
2026-06-25 09:15:00,2026-06-25 08:00:00,977.5819812866284,1290.68
2026-06-25 09:30:00,2026-06-25 08:00:00,991.6651740820167,1266.4
2026-06-25 09:45:00,2026-06-25 08:00:00,1007.8400932881468,1241.59
2026-06-25 10:00:00,2026-06-25 08:00:00,1024.5248328819112,1213.59
2026-06-25 10:15:00,2026-06-25 08:00:00,1040.1314369029633,1193.07
2026-06-25 10:30:00,2026-06-25 08:00:00,1053.2638575946853,1172.32
2026-06-25 10:45:00,2026-06-25 08:00:00,1062.8275575137898,1151.6
2026-06-25 11:00:00,2026-06-25 08:00:00,1068.0856934955798,1131.98
2026-06-25 11:15:00,2026-06-25 08:00:00,1068.638747311276,1113.62
2026-06-25 11:30:00,2026-06-25 08:00:00,1064.3620301448875,1095.73
2026-06-25 11:45:00,2026-06-25 08:00:00,1055.3109481796082,1086.31
2026-06-25 12:00:00,2026-06-25 08:00:00,1041.6578337218255,1077.99
2026-06-25 12:15:00,2026-06-25 08:00:00,1023.6510302495576,1069.43
2026-06-25 12:30:00,2026-06-25 08:00:00,1001.6082394279272,1062.78
2026-06-25 12:45:00,2026-06-25 08:00:00,975.9158137645151,1061.93
2026-06-25 13:00:00,2026-06-25 08:00:00,947.0597965990864,1055.59
2026-06-25 13:15:00,2026-06-25 08:00:00,915.65822962402,1046.7
2026-06-25 13:30:00,2026-06-25 08:00:00,882.4754130394282,1044.57
2026-06-25 13:45:00,2026-06-25 08:00:00,848.4015323031508,1039.29
2026-06-25 14:00:00,2026-06-25 08:00:00,814.4107955262969,1040.74
2026-06-25 14:15:00,2026-06-25 08:00:00,781.4863470536793,1035.9
2026-06-25 14:30:00,2026-06-25 08:00:00,750.5264318838692,1035.82
2026-06-25 14:45:00,2026-06-25 08:00:00,722.2320862494207,1034.87
2026-06-25 15:00:00,2026-06-25 08:00:00,697.041037510667,1037.46
2026-06-25 15:15:00,2026-06-25 08:00:00,675.1158571132872,1035.11
2026-06-25 15:30:00,2026-06-25 08:00:00,656.3919257034108,1030.73
2026-06-25 15:45:00,2026-06-25 08:00:00,640.6626271173955,1025.1
2026-06-25 16:00:00,2026-06-25 08:00:00,627.6942623353283,1021.9
2026-06-25 16:15:00,2026-06-25 08:00:00,617.3132674890362,1016.74
2026-06-25 16:30:00,2026-06-25 08:00:00,609.4258897917952,1020.45
2026-06-25 16:45:00,2026-06-25 08:00:00,603.9670366556169,1020.37
2026-06-25 17:00:00,2026-06-25 08:00:00,600.8231060685594,1024.88
2026-06-25 17:15:00,2026-06-25 08:00:00,599.7609230848682,1019.9
2026-06-25 17:30:00,2026-06-25 08:00:00,600.4184479677015,1017.26
2026-06-25 17:45:00,2026-06-25 08:00:00,602.3557921401188,1010.69
2026-06-25 18:00:00,2026-06-25 08:00:00,605.1677737540601,997.51
2026-06-25 18:15:00,2026-06-25 08:00:00,608.599614185893,1008.34
2026-06-25 18:30:00,2026-06-25 08:00:00,612.6070387142324,1016.16
2026-06-25 18:45:00,2026-06-25 08:00:00,617.3200214267362,1022.35
2026-06-25 19:00:00,2026-06-25 08:00:00,622.9157414769852,1041.87
2026-06-25 19:15:00,2026-06-25 08:00:00,629.4316825995166,1063.51
2026-06-25 19:30:00,2026-06-25 08:00:00,636.563293146155,1094.83
2026-06-25 19:45:00,2026-06-25 08:00:00,643.5321846130006,1121.82
2026-06-25 20:00:00,2026-06-25 08:00:00,649.0771800818302,1144.4
2026-06-25 20:15:00,2026-06-25 08:00:00,651.6076608675932,1166.99
2026-06-25 20:30:00,2026-06-25 08:00:00,649.5101828985239,1184.33
2026-06-25 20:45:00,2026-06-25 08:00:00,641.5512619169239,1202.85
2026-06-25 21:00:00,2026-06-25 20:00:00,627.2937925405796,1229.2
2026-06-25 21:15:00,2026-06-25 20:00:00,607.3996316133911,1253.57
2026-06-25 21:30:00,2026-06-25 20:00:00,583.7248183919273,1288.58
2026-06-25 21:45:00,2026-06-25 20:00:00,559.1460250383129,1323.44
2026-06-25 22:00:00,2026-06-25 20:00:00,537.1207851974381,1363.28
2026-06-25 22:15:00,2026-06-25 20:00:00,521.0557718072552,1389.51
2026-06-25 22:30:00,2026-06-25 20:00:00,513.6377882887322,1419.16
2026-06-25 22:45:00,2026-06-25 20:00:00,516.280454703558,1447.5
2026-06-25 23:00:00,2026-06-25 20:00:00,528.8548892283532,1476.3
2026-06-25 23:15:00,2026-06-25 20:00:00,549.782941021283,1496.74
2026-06-25 23:30:00,2026-06-25 20:00:00,576.5023935205278,1514.41
2026-06-25 23:45:00,2026-06-25 20:00:00,606.1750241382165,1481.37
2026-06-26 00:00:00,2026-06-25 20:00:00,636.433054406493,1430.66
2026-06-26 00:15:00,2026-06-25 20:00:00,665.9327990563623,1648.15
2026-06-26 00:30:00,2026-06-25 20:00:00,694.5733805597592,1674.5
2026-06-26 00:45:00,2026-06-25 20:00:00,723.3406009938944,1698.94
2026-06-26 01:00:00,2026-06-25 20:00:00,753.8670825796166,1732.61
2026-06-26 01:15:00,2026-06-25 20:00:00,787.8803311566056,1764.45
2026-06-26 01:30:00,2026-06-25 20:00:00,826.7442548806684,1799.93
2026-06-26 01:45:00,2026-06-25 20:00:00,871.1917902305804,1833.21
2026-06-26 02:00:00,2026-06-25 20:00:00,921.2976785804356,1868.1
2026-06-26 02:15:00,2026-06-25 20:00:00,976.6132568804674,1906.13
2026-06-26 02:30:00,2026-06-25 20:00:00,1036.3884369905627,1943.44
2026-06-26 02:45:00,2026-06-25 20:00:00,1099.770704240577,1985.84
2026-06-26 03:00:00,2026-06-25 20:00:00,1165.9262822983349,2021.34
2026-06-26 03:15:00,2026-06-25 20:00:00,1234.0553939143342,2056.04
2026-06-26 03:30:00,2026-06-25 20:00:00,1303.3442003701598,2095.37
2026-06-26 03:45:00,2026-06-25 20:00:00,1372.8821973253496,2132.27
2026-06-26 04:00:00,2026-06-25 20:00:00,1441.5818789509005,2176.83
2026-06-26 04:15:00,2026-06-25 20:00:00,1508.1430912302856,2226.96
2026-06-26 04:30:00,2026-06-25 20:00:00,1571.0750918272443,2273.58
2026-06-26 04:45:00,2026-06-25 20:00:00,1628.7790845937666,2321.26
2026-06-26 05:00:00,2026-06-25 20:00:00,1679.676552774154,2363.51
2026-06-26 05:15:00,2026-06-25 20:00:00,1722.3477267876751,2387.92
2026-06-26 05:30:00,2026-06-25 20:00:00,1755.6842176065945,2408.68
2026-06-26 05:45:00,2026-06-25 20:00:00,1779.0158903551892,2423.44
2026-06-26 06:00:00,2026-06-25 20:00:00,1792.2257010664928,2436.12
2026-06-26 06:15:00,2026-06-25 20:00:00,1795.8350346619,2421.03
2026-06-26 06:30:00,2026-06-25 20:00:00,1791.0742609382244,2394.83
2026-06-26 06:45:00,2026-06-25 20:00:00,1779.8828101780427,2370.77
2026-06-26 07:00:00,2026-06-25 20:00:00,1764.8349478889816,2346.93
2026-06-26 07:15:00,2026-06-25 20:00:00,1748.9426041048387,2309.31
2026-06-26 07:30:00,2026-06-25 20:00:00,1735.3494503148136,2278.15
2026-06-26 07:45:00,2026-06-25 20:00:00,1726.9252183933486,2248.98
2026-06-26 08:00:00,2026-06-25 20:00:00,1725.8575587665155,2215.69
2026-06-26 08:15:00,2026-06-25 20:00:00,1733.3194329182456,2187.78
2026-06-26 08:30:00,2026-06-25 20:00:00,1749.3173131348942,2164.73
2026-06-26 08:45:00,2026-06-25 20:00:00,1772.7401799498123,2139.01
2026-06-26 09:00:00,2026-06-26 08:00:00,1801.622304140156,2102.96
2026-06-26 09:15:00,2026-06-26 08:00:00,1833.5373419040802,2070.94
2026-06-26 09:30:00,2026-06-26 08:00:00,1866.0443847352399,2036.06
2026-06-26 09:45:00,2026-06-26 08:00:00,1897.0679408034105,2003.5
2026-06-26 10:00:00,2026-06-26 08:00:00,1925.177312048622,1974.26
2026-06-26 10:15:00,2026-06-26 08:00:00,1949.7081135100127,1950.49
2026-06-26 10:30:00,2026-06-26 08:00:00,1970.752192454774,1926.23
2026-06-26 10:45:00,2026-06-26 08:00:00,1989.0207473236887,1903.92
2026-06-26 11:00:00,2026-06-26 08:00:00,2005.6642600278146,1878.02
2026-06-26 11:15:00,2026-06-26 08:00:00,2022.0684945923367,1848.87
2026-06-26 11:30:00,2026-06-26 08:00:00,2039.6846504792225,1825.43
2026-06-26 11:45:00,2026-06-26 08:00:00,2059.880816877075,1801.69
2026-06-26 12:00:00,2026-06-26 08:00:00,2083.8530138298947,1780.4
2026-06-26 12:15:00,2026-06-26 08:00:00,2112.5530215670337,1771.76
2026-06-26 12:30:00,2026-06-26 08:00:00,2146.6304113192855,1764.67
2026-06-26 12:45:00,2026-06-26 08:00:00,2186.3631970454894,1762.04
2026-06-26 13:00:00,2026-06-26 08:00:00,2231.5950559435755,1770.05
2026-06-26 13:15:00,2026-06-26 08:00:00,2281.6918504596524,1777.93
2026-06-26 13:30:00,2026-06-26 08:00:00,2335.5242469243094,1787.69
2026-06-26 13:45:00,2026-06-26 08:00:00,2391.4897168260245,1802.26
2026-06-26 14:00:00,2026-06-26 08:00:00,2447.604251965341,1820.53
2026-06-26 14:15:00,2026-06-26 08:00:00,2501.6421686551867,1847.77
2026-06-26 14:30:00,2026-06-26 08:00:00,2551.3178861539795,1876.3
2026-06-26 14:45:00,2026-06-26 08:00:00,2594.4771270777387,1915.36
2026-06-26 15:00:00,2026-06-26 08:00:00,2629.314582908528,1955.51
2026-06-26 15:15:00,2026-06-26 08:00:00,2654.575026593322,1990.37
2026-06-26 15:30:00,2026-06-26 08:00:00,2669.702677186279,2025.11
2026-06-26 15:45:00,2026-06-26 08:00:00,2674.8997299287576,2066.33
2026-06-26 16:00:00,2026-06-26 08:00:00,2671.0840075399797,2107.97
2026-06-26 16:15:00,2026-06-26 08:00:00,2659.719615453575,2129.7
2026-06-26 16:30:00,2026-06-26 08:00:00,2642.517247900318,2143.33
2026-06-26 16:45:00,2026-06-26 08:00:00,2621.072022520071,2151.39
2026-06-26 17:00:00,2026-06-26 08:00:00,2596.5442020420705,2154.73
2026-06-26 17:15:00,2026-06-26 08:00:00,2569.461855687832,2160.0
2026-06-26 17:30:00,2026-06-26 08:00:00,2539.7175396017024,2157.63
2026-06-26 17:45:00,2026-06-26 08:00:00,2506.7515825293494,2159.0
2026-06-26 18:00:00,2026-06-26 08:00:00,2469.887202526503,2150.73
2026-06-26 18:15:00,2026-06-26 08:00:00,2428.69968758103,2145.48
2026-06-26 18:30:00,2026-06-26 08:00:00,2383.2845166010693,2123.95
2026-06-26 18:45:00,2026-06-26 08:00:00,2334.335151036583,2103.71
2026-06-26 19:00:00,2026-06-26 08:00:00,2283.0180124286676,2073.49
2026-06-26 19:15:00,2026-06-26 08:00:00,2230.669986971624,2023.84
2026-06-26 19:30:00,2026-06-26 08:00:00,2178.3991472672587,1979.74
2026-06-26 19:45:00,2026-06-26 08:00:00,2126.7068000830277,1928.85
2026-06-26 20:00:00,2026-06-26 08:00:00,2075.275674774688,1870.71
2026-06-26 20:15:00,2026-06-26 08:00:00,2022.9766751652653,1806.06
2026-06-26 20:30:00,2026-06-26 08:00:00,1968.1331224025043,1732.51
2026-06-26 20:45:00,2026-06-26 08:00:00,1908.9595541334218,1666.49
2026-06-26 21:00:00,2026-06-26 20:00:00,1844.0853032799816,1599.41
2026-06-26 21:15:00,2026-06-26 20:00:00,1772.9933679856754,1526.29
2026-06-26 21:30:00,2026-06-26 20:00:00,1696.2518523620568,1465.47
2026-06-26 21:45:00,2026-06-26 20:00:00,1615.475701841736,1397.03
2026-06-26 22:00:00,2026-06-26 20:00:00,1533.0459537186825,1332.52
2026-06-26 22:15:00,2026-06-26 20:00:00,1451.672491835775,1275.37
2026-06-26 22:30:00,2026-06-26 20:00:00,1373.9276845035488,1226.07
2026-06-26 22:45:00,2026-06-26 20:00:00,1301.845608685056,1185.57
2026-06-26 23:00:00,2026-06-26 20:00:00,1236.676373312942,1144.59
2026-06-26 23:15:00,2026-06-26 20:00:00,1178.79951805271,1113.56
2026-06-26 23:30:00,2026-06-26 20:00:00,1127.8036072990078,1080.88
2026-06-26 23:45:00,2026-06-26 20:00:00,1082.6803100220209,978.05
2026-06-27 00:00:00,2026-06-26 20:00:00,1042.092104181676,908.1
2026-06-27 00:15:00,2026-06-26 20:00:00,1004.6445957881772,901.29
2026-06-27 00:30:00,2026-06-26 20:00:00,969.125476161762,882.01
2026-06-27 00:45:00,2026-06-26 20:00:00,934.6612048878758,862.6
2026-06-27 01:00:00,2026-06-26 20:00:00,900.7657682481732,851.26
2026-06-27 01:15:00,2026-06-26 20:00:00,867.292208917793,839.88
2026-06-27 01:30:00,2026-06-26 20:00:00,834.330240723199,828.88
2026-06-27 01:45:00,2026-06-26 20:00:00,802.0735923757867,820.06
2026-06-27 02:00:00,2026-06-26 20:00:00,770.7130104896245,811.4
2026-06-27 02:15:00,2026-06-26 20:00:00,740.3598217402256,808.12
2026-06-27 02:30:00,2026-06-26 20:00:00,711.0352105431115,801.57
2026-06-27 02:45:00,2026-06-26 20:00:00,682.7119865153275,803.32
2026-06-27 03:00:00,2026-06-26 20:00:00,655.3866422331463,800.51
2026-06-27 03:15:00,2026-06-26 20:00:00,629.1512881745307,793.42
2026-06-27 03:30:00,2026-06-26 20:00:00,604.2689955091962,797.99
2026-06-27 03:45:00,2026-06-26 20:00:00,581.2126945606204,796.27
2026-06-27 04:00:00,2026-06-26 20:00:00,560.6517163697504,799.22
2026-06-27 04:15:00,2026-06-26 20:00:00,543.3717011503683,801.97
2026-06-27 04:30:00,2026-06-26 20:00:00,530.1649310557996,801.77
2026-06-27 04:45:00,2026-06-26 20:00:00,521.6706493630564,805.24
2026-06-27 05:00:00,2026-06-26 20:00:00,518.2186716624522,804.6
2026-06-27 05:15:00,2026-06-26 20:00:00,519.6870735225981,803.36
2026-06-27 05:30:00,2026-06-26 20:00:00,525.426830899165,807.06
2026-06-27 05:45:00,2026-06-26 20:00:00,534.259538812471,806.3
2026-06-27 06:00:00,2026-06-26 20:00:00,544.5692303488436,804.1
2026-06-27 06:15:00,2026-06-26 20:00:00,554.4651286929078,805.34
2026-06-27 06:30:00,2026-06-26 20:00:00,562.0138203680959,801.53
2026-06-27 06:45:00,2026-06-26 20:00:00,565.4834076770884,804.33
2026-06-27 07:00:00,2026-06-26 20:00:00,563.5743930807416,801.76
2026-06-27 07:15:00,2026-06-26 20:00:00,555.5808519159706,803.35
2026-06-27 07:30:00,2026-06-26 20:00:00,541.4706968165658,801.04
2026-06-27 07:45:00,2026-06-26 20:00:00,521.8504174860882,799.74
2026-06-27 08:00:00,2026-06-26 20:00:00,497.8474529737988,796.57
2026-06-27 08:15:00,2026-06-26 20:00:00,470.918306992633,795.06
2026-06-27 08:30:00,2026-06-26 20:00:00,442.63337015317984,793.31
2026-06-27 08:45:00,2026-06-26 20:00:00,414.46110527594806,792.44
2026-06-27 09:00:00,2026-06-27 08:00:00,387.60879840328255,788.11
2026-06-27 09:15:00,2026-06-27 08:00:00,362.9253536602341,785.65
2026-06-27 09:30:00,2026-06-27 08:00:00,340.88197677844806,783.57
2026-06-27 09:45:00,2026-06-27 08:00:00,321.6132568025263,785.87
2026-06-27 10:00:00,2026-06-27 08:00:00,305.01527491773993,782.12
2026-06-27 10:15:00,2026-06-27 08:00:00,290.8614381715013,786.74
2026-06-27 10:30:00,2026-06-27 08:00:00,278.9164290135921,789.88
2026-06-27 10:45:00,2026-06-27 08:00:00,269.01268723547764,791.33
2026-06-27 11:00:00,2026-06-27 08:00:00,261.1057966452176,797.48
2026-06-27 11:15:00,2026-06-27 08:00:00,255.2939251131175,799.25
2026-06-27 11:30:00,2026-06-27 08:00:00,251.81601548095637,804.75
2026-06-27 11:45:00,2026-06-27 08:00:00,251.0159078599765,807.28
2026-06-27 12:00:00,2026-06-27 08:00:00,253.31905011486558,817.39
2026-06-27 12:15:00,2026-06-27 08:00:00,259.20412475810514,826.28
2026-06-27 12:30:00,2026-06-27 08:00:00,269.17394777969594,831.06
2026-06-27 12:45:00,2026-06-27 08:00:00,283.71545869509305,843.7
2026-06-27 13:00:00,2026-06-27 08:00:00,303.2792367057617,853.77
2026-06-27 13:15:00,2026-06-27 08:00:00,328.2645416824756,867.02
2026-06-27 13:30:00,2026-06-27 08:00:00,359.0072154457889,884.91
2026-06-27 13:45:00,2026-06-27 08:00:00,395.77400073863396,908.87
2026-06-27 14:00:00,2026-06-27 08:00:00,438.7798089053897,927.01
2026-06-27 14:15:00,2026-06-27 08:00:00,488.21518648811383,948.71
2026-06-27 14:30:00,2026-06-27 08:00:00,544.2801007917457,969.2
2026-06-27 14:45:00,2026-06-27 08:00:00,607.2060228555216,992.69
2026-06-27 15:00:00,2026-06-27 08:00:00,677.2768006937845,1014.11
2026-06-27 15:15:00,2026-06-27 08:00:00,754.8338724398059,1045.23
2026-06-27 15:30:00,2026-06-27 08:00:00,840.241912693231,1075.52
2026-06-27 15:45:00,2026-06-27 08:00:00,933.8183202018312,1100.96
2026-06-27 16:00:00,2026-06-27 08:00:00,1035.7408358414893,1134.01
2026-06-27 16:15:00,2026-06-27 08:00:00,1145.9377186066167,1165.46
2026-06-27 16:30:00,2026-06-27 08:00:00,1263.9683607703919,1199.15
2026-06-27 16:45:00,2026-06-27 08:00:00,1388.9368164262291,1229.88
2026-06-27 17:00:00,2026-06-27 08:00:00,1519.4792116462531,1268.96
2026-06-27 17:15:00,2026-06-27 08:00:00,1653.8330081889178,1327.31
2026-06-27 17:30:00,2026-06-27 08:00:00,1790.0087122729133,1394.72
2026-06-27 17:45:00,2026-06-27 08:00:00,1926.0291289531315,1469.22
2026-06-27 18:00:00,2026-06-27 08:00:00,2060.2054708265964,1549.92
2026-06-27 18:15:00,2026-06-27 08:00:00,2191.364825336769,1650.52
2026-06-27 18:30:00,2026-06-27 08:00:00,2318.978662480424,1761.81
2026-06-27 18:45:00,2026-06-27 08:00:00,2443.152436770096,1875.54
2026-06-27 19:00:00,2026-06-27 08:00:00,2564.4878576757574,2008.75
2026-06-27 19:15:00,2026-06-27 08:00:00,2683.832869494256,2158.7
2026-06-27 19:30:00,2026-06-27 08:00:00,2801.9952186016326,2304.78
2026-06-27 19:45:00,2026-06-27 08:00:00,2919.4772404414985,2448.73
2026-06-27 20:00:00,2026-06-27 08:00:00,3036.2824818301615,2593.97
2026-06-27 20:15:00,2026-06-27 08:00:00,3151.8694929766266,2706.53
2026-06-27 20:30:00,2026-06-27 08:00:00,3265.1813684164717,2812.12
2026-06-27 20:45:00,2026-06-27 08:00:00,3374.8026620065525,2914.7
2026-06-27 21:00:00,2026-06-27 20:00:00,3479.14932027947,3010.36
2026-06-27 21:15:00,2026-06-27 20:00:00,3576.617841743371,3080.69
2026-06-27 21:30:00,2026-06-27 20:00:00,3665.662693744597,3140.65
2026-06-27 21:45:00,2026-06-27 20:00:00,3744.7725936783518,3204.94
2026-06-27 22:00:00,2026-06-27 20:00:00,3812.3826260891697,3264.28
2026-06-27 22:15:00,2026-06-27 20:00:00,3866.800200289868,3315.16
2026-06-27 22:30:00,2026-06-27 20:00:00,3906.251766918177,3354.85
2026-06-27 22:45:00,2026-06-27 20:00:00,3929.095577197338,3396.63
2026-06-27 23:00:00,2026-06-27 20:00:00,3934.181169258664,3425.81
2026-06-27 23:15:00,2026-06-27 20:00:00,3921.239732743413,3443.68
2026-06-27 23:30:00,2026-06-27 20:00:00,3891.170104752686,3452.37
2026-06-27 23:45:00,2026-06-27 20:00:00,3846.084095994933,3447.6
2026-06-28 00:00:00,2026-06-27 20:00:00,3789.0503517270818,3435.63
2026-06-28 00:15:00,2026-06-27 20:00:00,3723.6002054880596,4405.72
2026-06-28 00:30:00,2026-06-27 20:00:00,3653.172647637478,4363.23
2026-06-28 00:45:00,2026-06-27 20:00:00,3580.67110518033,4311.36
2026-06-28 01:00:00,2026-06-27 20:00:00,3508.244323971215,4244.29
2026-06-28 01:15:00,2026-06-27 20:00:00,3437.307525478558,4136.86
2026-06-28 01:30:00,2026-06-27 20:00:00,3368.7393106977856,4010.16
2026-06-28 01:45:00,2026-06-27 20:00:00,3303.1097756821932,3874.61
2026-06-28 02:00:00,2026-06-27 20:00:00,3240.8553630803353,3733.83
2026-06-28 02:15:00,2026-06-27 20:00:00,3182.335098748735,3577.07
2026-06-28 02:30:00,2026-06-27 20:00:00,3127.8306162937533,3419.6
2026-06-28 02:45:00,2026-06-27 20:00:00,3077.508627653927,3254.47
2026-06-28 03:00:00,2026-06-27 20:00:00,3031.4117415060855,3100.88
2026-06-28 03:15:00,2026-06-27 20:00:00,2989.4795912699356,2947.98
2026-06-28 03:30:00,2026-06-27 20:00:00,2951.623984135253,2802.67
2026-06-28 03:45:00,2026-06-27 20:00:00,2917.7790484356324,2659.73
2026-06-28 04:00:00,2026-06-27 20:00:00,2887.9137529270797,2519.25
2026-06-28 04:15:00,2026-06-27 20:00:00,2861.9761649448747,2390.89
2026-06-28 04:30:00,2026-06-27 20:00:00,2839.755695073799,2262.87
2026-06-28 04:45:00,2026-06-27 20:00:00,2820.7516092429487,2144.75
2026-06-28 05:00:00,2026-06-27 20:00:00,2804.0209080157583,2030.97
2026-06-28 05:15:00,2026-06-27 20:00:00,2788.1160720624107,1941.24
2026-06-28 05:30:00,2026-06-27 20:00:00,2771.1563825195876,1852.22
2026-06-28 05:45:00,2026-06-27 20:00:00,2751.01966107653,1769.47
2026-06-28 06:00:00,2026-06-27 20:00:00,2725.6599569005934,1686.91
2026-06-28 06:15:00,2026-06-27 20:00:00,2693.469360937121,1618.16
2026-06-28 06:30:00,2026-06-27 20:00:00,2653.623207736077,1551.24
2026-06-28 06:45:00,2026-06-27 20:00:00,2606.3073378684085,1500.12
2026-06-28 07:00:00,2026-06-27 20:00:00,2552.7914204894723,1445.41
2026-06-28 07:15:00,2026-06-27 20:00:00,2495.311584557523,1409.8
2026-06-28 07:30:00,2026-06-27 20:00:00,2436.792963747481,1393.64
2026-06-28 07:45:00,2026-06-27 20:00:00,2380.443941518954,1381.18
2026-06-28 08:00:00,2026-06-27 20:00:00,2329.329630994437,1383.72
2026-06-28 08:15:00,2026-06-27 20:00:00,2285.992655221434,1418.36
2026-06-28 08:30:00,2026-06-27 20:00:00,2252.20990343204,1463.78
2026-06-28 08:45:00,2026-06-27 20:00:00,2228.8919614527913,1513.15
2026-06-28 09:00:00,2026-06-28 08:00:00,2216.145566467239,1563.57
2026-06-28 09:15:00,2026-06-28 08:00:00,2213.438562810177,1640.89
2026-06-28 09:30:00,2026-06-28 08:00:00,2219.820964373923,1738.46
2026-06-28 09:45:00,2026-06-28 08:00:00,2234.131014556493,1841.68
2026-06-28 10:00:00,2026-06-28 08:00:00,2255.165090722663,1948.98
2026-06-28 10:15:00,2026-06-28 08:00:00,2281.7861079540025,2069.86
2026-06-28 10:30:00,2026-06-28 08:00:00,2312.9818829342857,2195.07
2026-06-28 10:45:00,2026-06-28 08:00:00,2347.869420490345,2319.62
2026-06-28 11:00:00,2026-06-28 08:00:00,2385.700697183292,2439.79
2026-06-28 11:15:00,2026-06-28 08:00:00,2425.870187751494,2552.34
2026-06-28 11:30:00,2026-06-28 08:00:00,2467.9459993658584,2661.38
2026-06-28 11:45:00,2026-06-28 08:00:00,2511.699593210087,2772.64
2026-06-28 12:00:00,2026-06-28 08:00:00,2557.1560963382767,2878.93
2026-06-28 12:15:00,2026-06-28 08:00:00,2604.6227818690045,2983.73
2026-06-28 12:30:00,2026-06-28 08:00:00,2654.671998910238,3096.43
2026-06-28 12:45:00,2026-06-28 08:00:00,2708.0728254581077,3209.57
2026-06-28 13:00:00,2026-06-28 08:00:00,2765.6861086103113,3327.68
2026-06-28 13:15:00,2026-06-28 08:00:00,2828.3454159910616,3449.54
2026-06-28 13:30:00,2026-06-28 08:00:00,2896.7389541510456,3570.29
2026-06-28 13:45:00,2026-06-28 08:00:00,2971.333310738246,3700.07
2026-06-28 14:00:00,2026-06-28 08:00:00,3052.3673813711757,3836.7
2026-06-28 14:15:00,2026-06-28 08:00:00,3139.9179541236085,3970.47
2026-06-28 14:30:00,2026-06-28 08:00:00,3234.0232488302863,4109.14
2026-06-28 14:45:00,2026-06-28 08:00:00,3334.830209867455,4248.26
2026-06-28 15:00:00,2026-06-28 08:00:00,3442.7423842740936,4400.12
2026-06-28 15:15:00,2026-06-28 08:00:00,3558.510192997678,4565.68
2026-06-28 15:30:00,2026-06-28 08:00:00,3683.2188714185963,4731.13
2026-06-28 15:45:00,2026-06-28 08:00:00,3818.159036163026,4902.28
2026-06-28 16:00:00,2026-06-28 08:00:00,3964.5986966869004,5076.76
2026-06-28 16:15:00,2026-06-28 08:00:00,4123.4751679926585,5235.66
2026-06-28 16:30:00,2026-06-28 08:00:00,4295.076803865836,5403.4
2026-06-28 16:45:00,2026-06-28 08:00:00,4478.779757736106,5579.92
2026-06-28 17:00:00,2026-06-28 08:00:00,4672.927179881881,5760.28
2026-06-28 17:15:00,2026-06-28 08:00:00,4874.876975277379,5982.54
2026-06-28 17:30:00,2026-06-28 08:00:00,5081.2123150355055,6209.17
2026-06-28 17:45:00,2026-06-28 08:00:00,5288.084515762324,6459.91
2026-06-28 18:00:00,2026-06-28 08:00:00,5491.598084432541,6732.26
2026-06-28 18:15:00,2026-06-28 08:00:00,5688.125347500859,7066.45
2026-06-28 18:30:00,2026-06-28 08:00:00,5874.494885821555,7399.57
2026-06-28 18:45:00,2026-06-28 08:00:00,6048.046054768196,7735.33
2026-06-28 19:00:00,2026-06-28 08:00:00,6206.59894423347,8058.79
2026-06-28 19:15:00,2026-06-28 08:00:00,6348.413916124864,8354.16
2026-06-28 19:30:00,2026-06-28 08:00:00,6472.203578856554,8620.69
2026-06-28 19:45:00,2026-06-28 08:00:00,6577.2348243173465,8871.72
2026-06-28 20:00:00,2026-06-28 08:00:00,6663.439193864224,9080.52
2026-06-28 20:15:00,2026-06-28 08:00:00,6731.507887810703,9176.65
2026-06-28 20:30:00,2026-06-28 08:00:00,6782.767391454738,9248.15
2026-06-28 20:45:00,2026-06-28 08:00:00,6818.930597423833,9306.68
2026-06-28 21:00:00,2026-06-28 20:00:00,6841.702813616327,9347.24
2026-06-28 21:15:00,2026-06-28 20:00:00,6852.382089864928,9334.53
2026-06-28 21:30:00,2026-06-28 20:00:00,6851.555384258303,9290.55
2026-06-28 21:45:00,2026-06-28 20:00:00,6839.014020095703,9246.53
2026-06-28 22:00:00,2026-06-28 20:00:00,6813.87336747232,9200.24
2026-06-28 22:15:00,2026-06-28 20:00:00,6774.889615103248,9107.31
2026-06-28 22:30:00,2026-06-28 20:00:00,6720.887648525297,8988.23
2026-06-28 22:45:00,2026-06-28 20:00:00,6651.2427156970225,8857.51
2026-06-28 23:00:00,2026-06-28 20:00:00,6566.3159745671355,8705.83
2026-06-28 23:15:00,2026-06-28 20:00:00,6467.766291374407,8506.85
2026-06-28 23:30:00,2026-06-28 20:00:00,6358.645170528638,8308.2
2026-06-28 23:45:00,2026-06-28 20:00:00,6243.212763163799,8097.0
2026-06-29 00:00:00,2026-06-28 20:00:00,6126.445881269488,7941.89
2026-06-29 00:15:00,2026-06-28 20:00:00,6013.33054083027,7876.77
2026-06-29 00:30:00,2026-06-28 20:00:00,5908.113477704348,7548.59
2026-06-29 00:45:00,2026-06-28 20:00:00,5813.7037358017,7203.02
2026-06-29 01:00:00,2026-06-28 20:00:00,5731.375268888127,6874.24
2026-06-29 01:15:00,2026-06-28 20:00:00,5660.815838514709,6556.73
2026-06-29 01:30:00,2026-06-28 20:00:00,5600.46945728681,6253.16
2026-06-29 01:45:00,2026-06-28 20:00:00,5548.030367651114,5978.64
2026-06-29 02:00:00,2026-06-28 20:00:00,5500.925088351631,5733.88
2026-06-29 02:15:00,2026-06-28 20:00:00,5456.6963536320645,5499.18
2026-06-29 02:30:00,2026-06-28 20:00:00,5413.274656907857,5309.49
2026-06-29 02:45:00,2026-06-28 20:00:00,5369.114148710143,5135.42
2026-06-29 03:00:00,2026-06-28 20:00:00,5323.2346486356055,4966.37
2026-06-29 03:15:00,2026-06-28 20:00:00,5275.195248690532,4828.22
2026-06-29 03:30:00,2026-06-28 20:00:00,5225.029783816425,4710.15
2026-06-29 03:45:00,2026-06-28 20:00:00,5173.134313227796,4596.8
2026-06-29 04:00:00,2026-06-28 20:00:00,5120.10777206114,4485.46
2026-06-29 04:15:00,2026-06-28 20:00:00,5066.580573540212,4392.4
2026-06-29 04:30:00,2026-06-28 20:00:00,5013.037242094512,4306.23
2026-06-29 04:45:00,2026-06-28 20:00:00,4959.741286051167,4245.82
2026-06-29 05:00:00,2026-06-28 20:00:00,4906.68615917647,4174.6
2026-06-29 05:15:00,2026-06-28 20:00:00,4853.661342266011,4141.67
2026-06-29 05:30:00,2026-06-28 20:00:00,4800.403638048414,4117.89
2026-06-29 05:45:00,2026-06-28 20:00:00,4746.788371558536,4096.48
2026-06-29 06:00:00,2026-06-28 20:00:00,4692.981063642135,4109.18
2026-06-29 06:15:00,2026-06-28 20:00:00,4639.493137848158,4115.77
2026-06-29 06:30:00,2026-06-28 20:00:00,4587.117191150523,4096.95
2026-06-29 06:45:00,2026-06-28 20:00:00,4536.753473582652,4112.88
2026-06-29 07:00:00,2026-06-28 20:00:00,4489.197427852898,4110.83
2026-06-29 07:15:00,2026-06-28 20:00:00,4444.984146036432,4119.01
2026-06-29 07:30:00,2026-06-28 20:00:00,4404.373344777521,4120.55
2026-06-29 07:45:00,2026-06-28 20:00:00,4367.476869486948,4150.04
2026-06-29 08:00:00,2026-06-28 20:00:00,4334.480072349289,4184.22
2026-06-29 08:15:00,2026-06-28 20:00:00,4305.84866197653,4256.65
2026-06-29 08:30:00,2026-06-28 20:00:00,4282.444453898312,4318.5
2026-06-29 08:45:00,2026-06-28 20:00:00,4265.470338861165,4384.2
2026-06-29 09:00:00,2026-06-29 08:00:00,4256.277760373503,4456.65
2026-06-29 09:15:00,2026-06-29 08:00:00,4256.099860472779,4569.77
2026-06-29 09:30:00,2026-06-29 08:00:00,4265.811685557931,4719.38
2026-06-29 09:45:00,2026-06-29 08:00:00,4285.769206255445,4892.06
2026-06-29 10:00:00,2026-06-29 08:00:00,4315.760816816273,5108.61
2026-06-29 10:15:00,2026-06-29 08:00:00,4355.042580668254,5252.35
2026-06-29 10:30:00,2026-06-29 08:00:00,4402.427851290531,5434.84
2026-06-29 10:45:00,2026-06-29 08:00:00,4456.380310233794,5600.08
2026-06-29 11:00:00,2026-06-29 08:00:00,4515.132860472507,5768.84
2026-06-29 11:15:00,2026-06-29 08:00:00,4576.827673465366,5912.5
2026-06-29 11:30:00,2026-06-29 08:00:00,4639.704035867709,6055.91
2026-06-29 11:45:00,2026-06-29 08:00:00,4702.309108850073,6204.77
2026-06-29 12:00:00,2026-06-29 08:00:00,4763.711476785498,6325.13
2026-06-29 12:15:00,2026-06-29 08:00:00,4823.648841256819,6462.06
2026-06-29 12:30:00,2026-06-29 08:00:00,4882.561955751721,6623.2
2026-06-29 12:45:00,2026-06-29 08:00:00,4941.483953969378,6792.19
2026-06-29 13:00:00,2026-06-29 08:00:00,5001.829670438401,6949.27
2026-06-29 13:15:00,2026-06-29 08:00:00,5065.118643329878,7127.97
2026-06-29 13:30:00,2026-06-29 08:00:00,5132.722975500948,7319.48
2026-06-29 13:45:00,2026-06-29 08:00:00,5205.686619185073,7530.19
2026-06-29 14:00:00,2026-06-29 08:00:00,5284.662489441111,7738.65
2026-06-29 14:15:00,2026-06-29 08:00:00,5369.949677940871,7948.66
2026-06-29 14:30:00,2026-06-29 08:00:00,5461.600809639895,8167.62
2026-06-29 14:45:00,2026-06-29 08:00:00,5559.535287431973,8390.87
2026-06-29 15:00:00,2026-06-29 08:00:00,5663.61324436784,8614.6
2026-06-29 15:15:00,2026-06-29 08:00:00,5773.621129454443,8847.67
2026-06-29 15:30:00,2026-06-29 08:00:00,5889.158714066456,9070.86
2026-06-29 15:45:00,2026-06-29 08:00:00,6009.46363336749,9288.01
2026-06-29 16:00:00,2026-06-29 08:00:00,6133.238941173271,9520.64
2026-06-29 16:15:00,2026-06-29 08:00:00,6258.552508321148,9783.86
2026-06-29 16:30:00,2026-06-29 08:00:00,6382.885154878959,10029.8
2026-06-29 16:45:00,2026-06-29 08:00:00,6503.337050868997,10291.96
2026-06-29 17:00:00,2026-06-29 08:00:00,6616.975696290845,10566.73
2026-06-29 17:15:00,2026-06-29 08:00:00,6721.234446915591,10871.99
2026-06-29 17:30:00,2026-06-29 08:00:00,6814.262090478888,11117.26
2026-06-29 17:45:00,2026-06-29 08:00:00,6895.141151592302,11367.93
2026-06-29 18:00:00,2026-06-29 08:00:00,6963.915159667935,11570.85
2026-06-29 18:15:00,2026-06-29 08:00:00,7021.419162977772,11724.85
2026-06-29 18:30:00,2026-06-29 08:00:00,7068.978363339064,11829.97
2026-06-29 18:45:00,2026-06-29 08:00:00,7108.050971515545,11901.93
2026-06-29 19:00:00,2026-06-29 08:00:00,7139.902099736782,11927.96
2026-06-29 19:15:00,2026-06-29 08:00:00,7165.385920961108,11923.79
2026-06-29 19:30:00,2026-06-29 08:00:00,7184.858166112197,11789.49
2026-06-29 19:45:00,2026-06-29 08:00:00,7198.219397878443,11662.02
2026-06-29 20:00:00,2026-06-29 08:00:00,7205.00838529825,11444.35
2026-06-29 20:15:00,2026-06-29 08:00:00,7204.51228427714,11182.26
2026-06-29 20:30:00,2026-06-29 08:00:00,7195.799734083226,10894.43
2026-06-29 20:45:00,2026-06-29 08:00:00,7177.726132593876,10589.29
2026-06-29 21:00:00,2026-06-29 20:00:00,7148.903654509934,10280.22
2026-06-29 21:15:00,2026-06-29 20:00:00,7107.717050782492,9971.67
2026-06-29 21:30:00,2026-06-29 20:00:00,7052.434959700408,9596.12
2026-06-29 21:45:00,2026-06-29 20:00:00,6981.415149432514,9221.07
2026-06-29 22:00:00,2026-06-29 20:00:00,6893.33993957249,8901.77
2026-06-29 22:15:00,2026-06-29 20:00:00,6787.418416012683,8591.06
2026-06-29 22:30:00,2026-06-29 20:00:00,6663.508089192382,8306.19
2026-06-29 22:45:00,2026-06-29 20:00:00,6522.130456844179,8039.82
2026-06-29 23:00:00,2026-06-29 20:00:00,6364.401667815962,7757.63
2026-06-29 23:15:00,2026-06-29 20:00:00,6191.946598778103,7525.27
2026-06-29 23:30:00,2026-06-29 20:00:00,6006.849214466916,7311.84
2026-06-29 23:45:00,2026-06-29 20:00:00,5811.628617963451,7091.61
2026-06-30 00:00:00,2026-06-29 20:00:00,5609.194220721906,6973.2
2026-06-30 00:15:00,2026-06-29 20:00:00,5402.760066657064,6020.33
2026-06-30 00:30:00,2026-06-29 20:00:00,5195.706548212314,5857.96
2026-06-30 00:45:00,2026-06-29 20:00:00,4991.382977511113,5692.51
2026-06-30 01:00:00,2026-06-29 20:00:00,4792.894347588551,5530.17
2026-06-30 01:15:00,2026-06-29 20:00:00,4602.917581222444,5376.54
2026-06-30 01:30:00,2026-06-29 20:00:00,4423.583859553776,5210.95
2026-06-30 01:45:00,2026-06-29 20:00:00,4256.415981206587,5062.18
2026-06-30 02:00:00,2026-06-29 20:00:00,4102.310891664847,4897.07
2026-06-30 02:15:00,2026-06-29 20:00:00,3961.5767283873242,4717.59
2026-06-30 02:30:00,2026-06-29 20:00:00,3834.028991320787,4548.68
2026-06-30 02:45:00,2026-06-29 20:00:00,3719.1037554718414,4394.77
2026-06-30 03:00:00,2026-06-29 20:00:00,3615.983622361792,4223.65
2026-06-30 03:15:00,2026-06-29 20:00:00,3523.7127411251,4087.26
2026-06-30 03:30:00,2026-06-29 20:00:00,3441.286685468249,3945.62
2026-06-30 03:45:00,2026-06-29 20:00:00,3367.697053996338,3846.71
2026-06-30 04:00:00,2026-06-29 20:00:00,3301.932171222329,3735.65
2026-06-30 04:15:00,2026-06-29 20:00:00,3242.980316220941,3610.93
2026-06-30 04:30:00,2026-06-29 20:00:00,3189.856039094896,3508.11
2026-06-30 04:45:00,2026-06-29 20:00:00,3141.676013855708,3420.12
2026-06-30 05:00:00,2026-06-29 20:00:00,3097.7397744800146,3348.88
2026-06-30 05:15:00,2026-06-29 20:00:00,3057.6292256121365,3274.82
2026-06-30 05:30:00,2026-06-29 20:00:00,3021.2864265381445,3215.61
2026-06-30 05:45:00,2026-06-29 20:00:00,2989.0188204040687,3156.16
2026-06-30 06:00:00,2026-06-29 20:00:00,2961.4298680348957,3121.51
2026-06-30 06:15:00,2026-06-29 20:00:00,2939.280043644727,3094.35
2026-06-30 06:30:00,2026-06-29 20:00:00,2923.316741275648,3114.0
2026-06-30 06:45:00,2026-06-29 20:00:00,2914.0895817145492,3161.65
2026-06-30 07:00:00,2026-06-29 20:00:00,2911.8164916180244,3214.15
2026-06-30 07:15:00,2026-06-29 20:00:00,2916.3252112860578,3291.35
2026-06-30 07:30:00,2026-06-29 20:00:00,2927.0974264747547,3367.02
2026-06-30 07:45:00,2026-06-29 20:00:00,2943.375854830765,3441.64
2026-06-30 08:00:00,2026-06-29 20:00:00,2964.328071191834,3490.69
2026-06-30 08:15:00,2026-06-29 20:00:00,2989.194114251826,3501.7
2026-06-30 08:30:00,2026-06-29 20:00:00,3017.410733353319,3518.58
2026-06-30 08:45:00,2026-06-29 20:00:00,3048.648029141096,3553.45
2026-06-30 09:00:00,2026-06-30 08:00:00,3082.791616139716,3596.51
2026-06-30 09:15:00,2026-06-30 08:00:00,3119.8730065301456,3623.48
2026-06-30 09:30:00,2026-06-30 08:00:00,3159.9846276138605,3657.8
2026-06-30 09:45:00,2026-06-30 08:00:00,3203.1795291540166,3684.9
2026-06-30 10:00:00,2026-06-30 08:00:00,3249.387392195382,3693.37
2026-06-30 10:15:00,2026-06-30 08:00:00,3298.328748630451,3731.79
2026-06-30 10:30:00,2026-06-30 08:00:00,3349.4505136014836,3782.64
2026-06-30 10:45:00,2026-06-30 08:00:00,3401.8796661358906,3853.41
2026-06-30 11:00:00,2026-06-30 08:00:00,3454.4484488607386,3924.04
2026-06-30 11:15:00,2026-06-30 08:00:00,3505.800960017118,3995.91
2026-06-30 11:30:00,2026-06-30 08:00:00,3554.604048667603,4053.49
2026-06-30 11:45:00,2026-06-30 08:00:00,3599.808328159327,4082.76
2026-06-30 12:00:00,2026-06-30 08:00:00,3640.9090146935227,4101.96
2026-06-30 12:15:00,2026-06-30 08:00:00,3678.102709969993,4084.53
2026-06-30 12:30:00,2026-06-30 08:00:00,3712.2982957464706,4067.71
2026-06-30 12:45:00,2026-06-30 08:00:00,3744.9239127273727,4042.99
2026-06-30 13:00:00,2026-06-30 08:00:00,3777.603091698764,4027.82
2026-06-30 13:15:00,2026-06-30 08:00:00,3811.768189967678,4027.26
2026-06-30 13:30:00,2026-06-30 08:00:00,3848.3175645013916,4033.28
2026-06-30 13:45:00,2026-06-30 08:00:00,3887.3666016520274,4043.91
2026-06-30 14:00:00,2026-06-30 08:00:00,3928.142109685512,4043.92
2026-06-30 14:15:00,2026-06-30 08:00:00,3969.0046311719548,4041.81
2026-06-30 14:30:00,2026-06-30 08:00:00,4007.556374623792,4043.86
2026-06-30 14:45:00,2026-06-30 08:00:00,4040.81337918569,4044.45
2026-06-30 15:00:00,2026-06-30 08:00:00,4065.4471468568563,4060.0
2026-06-30 15:15:00,2026-06-30 08:00:00,4078.0928538771423,4043.39
2026-06-30 15:30:00,2026-06-30 08:00:00,4075.7274165194667,4062.07
2026-06-30 15:45:00,2026-06-30 08:00:00,4056.0797735069127,4132.22
2026-06-30 16:00:00,2026-06-30 08:00:00,4018.0341631198826,4184.46
2026-06-30 16:15:00,2026-06-30 08:00:00,3961.946464918106,4191.96
2026-06-30 16:30:00,2026-06-30 08:00:00,3889.7887982826483,4175.73
2026-06-30 16:45:00,2026-06-30 08:00:00,3805.053534443637,4211.19
2026-06-30 17:00:00,2026-06-30 08:00:00,3712.4340619559885,4206.45
2026-06-30 17:15:00,2026-06-30 08:00:00,3617.296542823526,4201.3
2026-06-30 17:30:00,2026-06-30 08:00:00,3525.048074309397,4210.8
2026-06-30 17:45:00,2026-06-30 08:00:00,3440.4775154098975,4243.4
2026-06-30 18:00:00,2026-06-30 08:00:00,3367.2034779573823,4278.23
2026-06-30 18:15:00,2026-06-30 08:00:00,3307.325394936623,4328.74
2026-06-30 18:30:00,2026-06-30 08:00:00,3261.3042668679427,4371.22
2026-06-30 18:45:00,2026-06-30 08:00:00,3228.055544817901,4401.98
2026-06-30 19:00:00,2026-06-30 08:00:00,3205.186321791686,4433.91
2026-06-30 19:15:00,2026-06-30 08:00:00,3189.2931562438644,4446.19
2026-06-30 19:30:00,2026-06-30 08:00:00,3176.231447101398,4443.53
2026-06-30 19:45:00,2026-06-30 08:00:00,3161.3444764957244,4473.99
2026-06-30 20:00:00,2026-06-30 08:00:00,3139.7364709842877,4450.33
2026-06-30 20:15:00,2026-06-30 08:00:00,3106.6480114162555,4377.74
2026-06-30 20:30:00,2026-06-30 08:00:00,3057.9945941053556,4298.94
2026-06-30 20:45:00,2026-06-30 08:00:00,2991.01527957355,4184.29
2026-06-30 21:00:00,2026-06-30 20:00:00,2904.9438614086985,4092.26
2026-06-30 21:15:00,2026-06-30 20:00:00,2801.490421578482,3953.27
2026-06-30 21:30:00,2026-06-30 20:00:00,2684.9617849263313,3818.87
2026-06-30 21:45:00,2026-06-30 20:00:00,2561.960923052647,3707.84
2026-06-30 22:00:00,2026-06-30 20:00:00,2440.687366183419,3580.51
2026-06-30 22:15:00,2026-06-30 20:00:00,2329.9841651230045,3458.95
2026-06-30 22:30:00,2026-06-30 20:00:00,2238.3173016558826,3321.05
2026-06-30 22:45:00,2026-06-30 20:00:00,2172.860446720921,3220.05
2026-06-30 23:00:00,2026-06-30 20:00:00,2138.7828323890562,3118.16
